cik,name,alias,alias_clean,alias_source
0000002186,BK TECHNOLOGIES CORP,Relm Wireless Corp,relm wireless,ticker_map_name
0000004281,HOWMET AEROSPACE INC,Alcoa Inc,alcoa,ticker_map_name
0000004457,U-HAUL HOLDING CO,Amerco,amerco,ticker_map_name
0000006176,AMPCO-PITTSBURGH CORP,Ampco Pittsburgh Corp,ampco pittsburgh,ticker_map_name
0000006955,ENERPAC TOOL GROUP CORP,Actuant Corp,actuant,ticker_map_name
0000007084,ARCHER-DANIELS-MIDLAND CO,Archer Daniels Midland Co,archer daniels midland,ticker_map_name
0000007623,ARTS WAY MFG INC,Arts Way Manufacturing Co Inc,arts way manufacturing,ticker_map_name
0000008146,ASTRONOVA INC,Astro Med Inc,astro med,ticker_map_name
0000008504,AGEAGLE AERIAL SYSTEMS,Enerjex Resources Inc,enerjex resources,ticker_map_name
0000009326,BALCHEM CORP  -CL B,Balchem Corp,balchem,ticker_map_name
0000010329,BASSETT FURNITURE INDS,Bassett Furniture Industries Inc,bassett furniture industries,ticker_map_name
0000012208,BIO-RAD LABORATORIES INC,Bio Rad Laboratories Inc,bio rad laboratories,ticker_map_name
0000012239,DOMINARI HOLDINGS INC,Spherix Inc,spherix,ticker_map_name
0000012659,BLOCK H & R INC,H&R Block Inc,hr block,ticker_map_name
0000014272,BRISTOL-MYERS SQUIBB CO,Bristol Myers Squibb Co,bristol myers squibb,ticker_map_name
0000014707,CALERES INC,Brown Shoe Co Inc,brown shoe,ticker_map_name
0000014846,BRT APARTMENTS CORP,BRT Realty Trust,brt realty trust,ticker_map_name
0000016058,CACI INTL INC  -CL A,Caci International Inc,caci international,ticker_map_name
0000016160,CAL-MAINE FOODS INC,Cal Maine Foods Inc,cal maine foods,ticker_map_name
0000016732,CAMPBELL'S CO (THE),Campbell Soup Co,campbell soup,ticker_map_name
0000018255,CATO CORP  -CL A,Cato Corp,cato,ticker_map_name
0000018926,LUMEN TECHNOLOGIES INC,Centurylink Inc,centurylink,ticker_map_name
0000020520,FRONTIER COMMUNIC PARENT INC,Frontier Communications Corp,frontier communications,ticker_map_name
0000020947,CLEVELAND ELECTRIC ILLUM,Cleveland Electric Illuminating Co,cleveland electric illuminating,ticker_map_name
0000021076,CLOROX CO/DE,Clorox Co,clorox,ticker_map_name
0000021344,COCA-COLA CO,Coca Cola Co,coca cola,ticker_map_name
0000021665,COLGATE-PALMOLIVE CO,Colgate Palmolive Co,colgate palmolive,ticker_map_name
0000022701,SUNATION ENERGY INC,Communications Systems Inc,communications systems,ticker_map_name
0000023197,COMTECH TELECOMMUN,Comtech Telecommunications Corp,comtech telecommunications,ticker_map_name
0000023217,CONAGRA BRANDS INC,Conagra Foods Inc,conagra foods,ticker_map_name
0000023795,CTO REALTY GROWTH INC,Consolidated Tomoka Land Co,consolidated tomoka land,ticker_map_name
0000024545,MOLSON COORS BEVERAGE CO,Molson Coors Brewing Co,molson coors brewing,ticker_map_name
0000025445,CRANE NXT CO,Crane Co,crane,ticker_map_name
0000026324,CURTISS-WRIGHT CORP,Curtiss Wright Corp,curtiss wright,ticker_map_name
0000027093,U.S. GOLD CORP,Dataram Corp,dataram,ticker_map_name
0000028823,DIEBOLD NIXDORF INC,Diebold Inc,diebold,ticker_map_name
0000028917,DILLARDS INC  -CL A,Dillards Inc,dillards,ticker_map_name
0000030554,DU PONT (E I) DE NEMOURS,Dupont E I De Nemours & Co,dupont e i de nemours,ticker_map_name
0000031791,REVVITY INC,Perkinelmer Inc,perkinelmer,ticker_map_name
0000033992,KINGSTONE COS INC,Kingstone Companies Inc,kingstone companies,ticker_map_name
0000034067,DMC GLOBAL INC,Dynamic Materials Corp,dynamic materials,ticker_map_name
0000034563,FARMER BROS CO,Farmer Brothers Co,farmer brothers,ticker_map_name
0000034903,FEDERAL REALTY INVESTMENT TR,Federal Realty Investment Trust,federal realty investment trust,ticker_map_name
0000034956,TENAX THERAPEUTICS INC,Oxygen Biotherapeutics Inc,oxygen biotherapeutics,ticker_map_name
0000035527,FIFTH THIRD BANCORP,Third Bancorp Fifth,third bancorp fifth,ticker_map_name
0000036029,FIRST FINL BANKSHARES INC,First Financial Bankshares Inc,first financial bankshares,ticker_map_name
0000036840,FIRST REAL ESTATE TR NJ INC,First Real Estate Investment Trust Of New Jersey,first real estate investment trust of new jersey,ticker_map_name
0000036966,FIRST HORIZON CORP,First Horizon National Corp,first horizon national,ticker_map_name
0000037808,F N B CORP/FL,FNB Corp,fnb,ticker_map_name
0000039263,CULLEN/FROST BANKERS INC,Cullen,cullen,ticker_map_name
0000039311,INDEPENDENT BANK CORP/MI,Independent Bank Corp,independent bank,ticker_map_name
0000039899,TEGNA INC,Gannett Co Inc,gannett,ticker_map_name
0000040545,GE AEROSPACE,General Electric Co,general electric,ticker_map_name
0000040570,GEE GROUP INC,General Employment Enterprises Inc,general employment enterprises,ticker_map_name
0000041719,MAGNERA CORP,Glatfelter P H Co,glatfelter p h,ticker_map_name
0000042682,GORMAN-RUPP CO,Gorman Rupp Co,gorman rupp,ticker_map_name
0000043196,GRAY MEDIA INC,Gray Television Inc,gray television,ticker_map_name
0000043920,GREIF INC  -CL A,Greif Inc,greif,ticker_map_name
0000045876,ENVIRI CORP,Harsco Corp,harsco,ticker_map_name
0000046129,ALLIENT INC,Allied Motion Technologies Inc,allied motion technologies,ticker_map_name
0000047217,HP INC,Hewlett Packard Co,hewlett packard,ticker_map_name
0000047307,CRAWFORD UNITED CORP,Hickok Inc,hickok,ticker_map_name
0000049754,DINE BRANDS GLOBAL INC,Dineequity Inc,dineequity,ticker_map_name
0000050471,REPOSITRAK INC,Park City Group Inc,park city,ticker_map_name
0000050493,INGLES MARKETS INC  -CL A,Ingles Markets Inc,ingles markets,ticker_map_name
0000051143,INTL BUSINESS MACHINES CORP,International Business Machines Corp,international business machines,ticker_map_name
0000051253,INTL FLAVORS & FRAGRANCES,International Flavors & Fragrances Inc,international flavors fragrances,ticker_map_name
0000051434,INTL PAPER CO,International Paper Co,international paper,ticker_map_name
0000051644,INTERPUBLIC GROUP OF COS,Interpublic Group Of Companies Inc,interpublic group of companies,ticker_map_name
0000052988,JACOBS SOLUTIONS INC,Jacobs Engineering Group Inc,jacobs engineering,ticker_map_name
0000054187,MAYS (J.W.) INC,Mays J W Inc,mays j w,ticker_map_name
0000055067,KELLANOVA,Kellogg Co,kellogg,ticker_map_name
0000055135,KELLY SERVICES INC  -CL A,Kelly Services Inc,kelly services,ticker_map_name
0000055785,KIMBERLY-CLARK CORP,Kimberly Clark Corp,kimberly clark,ticker_map_name
0000056679,KORN FERRY,Korn Ferry International,korn ferry international,ticker_map_name
0000056868,PRIMEENERGY RESOURCES CORP,Primeenergy Corp,primeenergy,ticker_map_name
0000057515,MARZETTI CO (THE),Lancaster Colony Corp,lancaster colony,ticker_map_name
0000059527,LINCOLN ELECTRIC HLDGS INC,Lincoln Electric Holdings Inc,lincoln electric,ticker_map_name
0000060667,LOWE'S COS INC,Lowes Companies Inc,lowes companies,ticker_map_name
0000061398,TELLURIAN INC,Magellan Petroleum Corp,magellan petroleum,ticker_map_name
0000062709,MARSH,Marsh & Mclennan Companies Inc,marsh mclennan companies,ticker_map_name
0000063296,MATTHEWS INTL CORP  -CL A,Matthews International Corp,matthews international,ticker_map_name
0000064040,S&P GLOBAL INC,Mcgraw Hill Financial Inc,mcgraw hill financial,ticker_map_name
0000064463,SOLUNA HOLDINGS INC,Mechanical Technology Inc,mechanical technology,ticker_map_name
0000064803,CVS HEALTH CORP,CVS Caremark Corp,cvs caremark,ticker_map_name
0000065312,EVI INDUSTRIES INC,Envirostar Inc,envirostar,ticker_map_name
0000066382,MILLERKNOLL INC,Miller Herman Inc,miller herman,ticker_map_name
0000066570,MSA SAFETY INC,Mine Safety Appliances Co,mine safety appliances,ticker_map_name
0000067887,MOOG INC  -CL A,Moog Inc,moog,ticker_map_name
0000069633,NAPCO SECURITY TECH INC,Napco Security Technologies Inc,napco security technologies,ticker_map_name
0000070866,NCR VOYIX CORP,NCR Corp,ncr,ticker_map_name
0000071557,NUVERA COMMUNICATIONS INC,New Ulm Telecom Inc,new ulm telecom,ticker_map_name
0000071691,NEW YORK TIMES CO  -CL A,New York Times Co,new york times,ticker_map_name
0000071829,NPK INTERNATIONAL INC,Newpark Resources Inc,newpark resources,ticker_map_name
0000072444,VAXART INC,Biota Pharmaceuticals Inc,biota pharmaceuticals,ticker_map_name
0000072633,NORTH EUROPEAN OIL RTY TR,North European Oil Royalty Trust,north european oil royalty trust,ticker_map_name
0000072741,EVERSOURCE ENERGY,Northeast Utilities,northeast utilities,ticker_map_name
0000074046,OIL DRI CORP AMERICA,Oil Dri Corp Of America,oil dri corp of america,ticker_map_name
0000074260,OLD REPUBLIC INTL CORP,Old Republic International Corp,old republic international,ticker_map_name
0000075252,ACCENDRA HEALTH INC,Owens & Minor Inc,owens minor,ticker_map_name
0000076267,PARK AEROSPACE CORP,Park Electrochemical Corp,park electrochemical,ticker_map_name
0000076334,PARKER-HANNIFIN CORP,Parker Hannifin Corp,parker hannifin,ticker_map_name
0000078128,ESSENTIAL UTILITIES INC,Aqua America Inc,aqua america,ticker_map_name
0000080172,NATIONAL PRESTO INDS INC,National Presto Industries Inc,national presto industries,ticker_map_name
0000080661,PROGRESSIVE CORP-OHIO,Progressive Corp,progressive,ticker_map_name
0000081033,PUBLIC SERVICE ELEC & GAS CO,Public Service Electric & Gas Co,public service electric gas,ticker_map_name
0000081362,QUAKER HOUGHTON,Quaker Chemical Corp,quaker chemical,ticker_map_name
0000082020,U S LIME & MINERALS,United States Lime & Minerals Inc,united states lime minerals,ticker_map_name
0000082473,INNSUITES HOSPITALITY TR,Innsuites Hospitality Trust,innsuites hospitality trust,ticker_map_name
0000082811,REGAL REXNORD CORP,Regal Beloit Corp,regal beloit,ticker_map_name
0000084112,RISK(GEORGE) INDUSTRIES INC,Risk George Industries Inc,risk george industries,ticker_map_name
0000086312,TRAVELERS COS INC,Travelers Companies Inc,travelers companies,ticker_map_name
0000087347,SLB LTD,Schlumberger LTD,schlumberger,ticker_map_name
0000088000,HORIZON KINETICS HLDING CORP,Scotts Liquid Gold Inc,scotts liquid gold,ticker_map_name
0000088205,SPX TECHNOLOGIES INC,SPX Corp,spx,ticker_map_name
0000089089,SERVICE CORP INTERNATIONAL,Service Corporation International,service corporation international,ticker_map_name
0000089800,SHERWIN-WILLIAMS CO,Sherwin Williams Co,sherwin williams,ticker_map_name
0000090498,SIMMONS FIRST NATL CP  -CL A,Simmons First National Corp,simmons first national,ticker_map_name
0000090896,CHAMPION HOMES INC,Skyline Corp,skyline,ticker_map_name
0000091142,SMITH (A.O.),Smith A O Corp,smith a o,ticker_map_name
0000091419,SMUCKER (JM) CO,Smucker J M Co,smucker j m,ticker_map_name
0000091882,SOUTH CAROLINA ELEC & GAS CO,South Carolina Electric & Gas Co,south carolina electric gas,ticker_map_name
0000092230,TRUIST FINANCIAL CORP,BB&T Corp,bbt,ticker_map_name
0000093389,STANDARD MOTOR PRODS,Standard Motor Products Inc,standard motor products,ticker_map_name
0000095552,SUPERIOR INDUSTRIES INTL,Superior Industries International Inc,superior industries international,ticker_map_name
0000095574,SUPERIOR GROUP OF COS INC,Superior Uniform Group Inc,superior uniform,ticker_map_name
0000095953,ASCENT INDUSTRIES CO,Synalloy Corp,synalloy,ticker_map_name
0000096223,JEFFERIES FINANCIAL GRP INC,Leucadia National Corp,leucadia national,ticker_map_name
0000096885,TEL-INSTRUMENT ELECTRONICS,Tel Instrument Electronics Corp,tel instrument electronics,ticker_map_name
0000099106,TRANS-LUX CORP,Trans Lux Corp,trans lux,ticker_map_name
0000100493,TYSON FOODS INC  -CL A,Tyson Foods Inc,tyson foods,ticker_map_name
0000100517,UNITED AIRLINES HOLDINGS INC,United Continental Holdings Inc,united continental,ticker_map_name
0000101295,UNITED-GUARDIAN INC,United Guardian Inc,united guardian,ticker_map_name
0000101538,U S ANTIMONY CORP,United States Antimony Corp,united states antimony,ticker_map_name
0000101829,RTX CORP,United Technologies Corp,united technologies,ticker_map_name
0000102037,UNIVERSAL CORP/VA,Universal Corp,universal,ticker_map_name
0000102109,UNIVERSAL SAFETY PRDUCTS INC,Universal Security Instruments Inc,universal security instruments,ticker_map_name
0000102212,UNIVEST FINANCIAL CORP,Univest Corp Of Pennsylvania,univest corp of pennsylvania,ticker_map_name
0000103379,VF CORP,V F Corp,v f,ticker_map_name
0000103595,VILLAGE SUPER MARKET  -CL A,Village Super Market Inc,village super market,ticker_map_name
0000104169,WALMART INC,Wal Mart Stores Inc,wal mart stores,ticker_map_name
0000104894,ELME COMMUNITIES,Washington Real Estate Investment Trust,washington real estate investment trust,ticker_map_name
0000105132,WD-40 CO,WD 40 Co,wd 40,ticker_map_name
0000105319,WW INTERNATIONAL INC,Weight Watchers International Inc,weight watchers international,ticker_map_name
0000105770,WEST PHARMACEUTICAL SVSC INC,West Pharmaceutical Services Inc,west pharmaceutical services,ticker_map_name
0000107140,WILEY (JOHN) & SONS  -CL A,Wiley John & Sons Inc,wiley john sons,ticker_map_name
0000107263,WILLIAMS COS INC,Williams Companies Inc,williams companies,ticker_map_name
0000108385,WORLD ACCEPTANCE CORP/DE,World Acceptance Corp,world acceptance,ticker_map_name
0000108516,WORTHINGTON ENTERPRISES INC,Worthington Industries Inc,worthington industries,ticker_map_name
0000109177,SPECTRUM BRND HLDG INC,Harbinger Group Inc,harbinger,ticker_map_name
0000109198,TJX COS INC (THE),TJX Companies Inc,tjx companies,ticker_map_name
0000109380,ZIONS BANCORPORATION NA,Zions Bancorporation,zions bancorporation,ticker_map_name
0000109563,APPLIED INDUSTRIAL TECH INC,Applied Industrial Technologies Inc,applied industrial technologies,ticker_map_name
0000109657,GT BIOPHARMA INC,Oxis International Inc,oxis international,ticker_map_name
0000202058,L3HARRIS TECHNOLOGIES INC,Harris Corp,harris,ticker_map_name
0000216085,HAVERTY FURNITURE,Haverty Furniture Companies Inc,haverty furniture companies,ticker_map_name
0000230557,SELECTIVE INS GROUP INC,Selective Insurance Group Inc,selective insurance,ticker_map_name
0000275053,NATURES SUNSHINE PRODS INC,Natures Sunshine Products Inc,natures sunshine products,ticker_map_name
0000278165,OMNIQ CORP,Amerigo Energy Inc,amerigo energy,ticker_map_name
0000310522,FEDERAL NATIONAL MORTGA ASSN,Federal National Mortgage Association Fannie Mae,federal national mortgage association fannie mae,ticker_map_name
0000314203,MCEWEN INC,Mcewen Mining Inc,mcewen mining,ticker_map_name
0000314808,VALARIS LIMITED,Ensco PLC,ensco,ticker_map_name
0000315213,ROBERT HALF INC,Half Robert International Inc,half robert international,ticker_map_name
0000315374,HURCO COS INC,Hurco Companies Inc,hurco companies,ticker_map_name
0000315709,INTL BANCSHARES CORP,International Bancshares Corp,international bancshares,ticker_map_name
0000315958,CREDITRISKMONITOR.COM INC,Creditriskmonitor Com Inc,creditriskmonitor com,ticker_map_name
0000317540,COCA COLA CONSOLIDATED INC,Coca Cola Bottling Co Consolidated,coca cola bottling co consolidated,ticker_map_name
0000317788,DIGITAL TURBINE INC,Mandalay Digital Group Inc,mandalay digital,ticker_map_name
0000318299,SPARTA COMMERCIAL SERVIC INC,Sparta Commercial Services Inc,sparta commercial services,ticker_map_name
0000318300,PEOPLES BANCORP INC/OH,Peoples Bancorp Inc,peoples bancorp,ticker_map_name
0000318306,ABEONA THERAPEUTICS INC,Access Pharmaceuticals Inc,access pharmaceuticals,ticker_map_name
0000318673,SECURITY NATL FINL CP  -CL A,Security National Financial Corp,security national financial,ticker_map_name
0000319201,KLA CORP,Kla Tencor Corp,kla tencor,ticker_map_name
0000319655,SAN JUAN BASIN ROYALTY TR,San Juan Basin Royalty Trust,san juan basin royalty trust,ticker_map_name
0000320017,LISATA THERAPEUTICS INC,Neostem Inc,neostem,ticker_map_name
0000320121,TELOS CORP/MD,Telos Corp,telos,ticker_map_name
0000320187,NIKE INC  -CL B,Nike Inc,nike,ticker_map_name
0000320335,GLOBE LIFE INC,Torchmark Corp,torchmark,ticker_map_name
0000320340,CORECARD CORP,Intelligent Systems Corp,intelligent systems,ticker_map_name
0000351789,ELECTRO-SENSORS INC,Electro Sensors Inc,electro sensors,ticker_map_name
0000351817,SILVERBOW RESOURCES INC,Swift Energy Co,swift energy,ticker_map_name
0000351998,DATA I/O CORP,Data I,data i,ticker_map_name
0000352825,FOSTER (LB) CO,Foster L B Co,foster l b,ticker_map_name
0000352915,UNIVERSAL HEALTH SVCS INC,Universal Health Services Inc,universal health services,ticker_map_name
0000354190,ARTHUR J GALLAGHER & CO,Gallagher Arthur J & Co,gallagher arthur j,ticker_map_name
0000354707,HAWAIIAN ELECTRIC INDS,Hawaiian Electric Industries Inc,hawaiian electric industries,ticker_map_name
0000354963,SHENANDOAH TELECOMMUN CO,Shenandoah Telecommunications Co,shenandoah telecommunications,ticker_map_name
0000356590,GLOBAL TECH INDS GROUP INC,Tree Top Industries Inc,tree top industries,ticker_map_name
0000357173,OLD SECOND BANCORP INC/IL,Old Second Bancorp Inc,old second bancorp,ticker_map_name
0000357294,HOVNANIAN ENTRPRS INC  -CL A,Hovnanian Enterprises Inc,hovnanian enterprises,ticker_map_name
0000357301,TRUSTCO BANK CORP/NY,Trustco Bank Corp N Y,trustco bank corp n y,ticker_map_name
0000700565,FIRST MID BANCSHARES INC,First Mid Illinois Bancshares Inc,first mid illinois bancshares,ticker_map_name
0000700764,VICTORY OILFIELD TECH INC,Victory Energy Corp,victory energy,ticker_map_name
0000701347,CENTRAL PACIFIC FINANCIAL CP,Central Pacific Financial Corp,central pacific financial,ticker_map_name
0000701374,SIX FLAGS ENTERTAINMENT -OLD,Six Flags Entertainment Corp,six flags entertainment,ticker_map_name
0000701719,ENVELA CORP,Dgse Companies Inc,dgse companies,ticker_map_name
0000701985,BATH & BODY WORKS INC,L Brands Inc,l brands,ticker_map_name
0000703351,BRINKER INTL INC,Brinker International Inc,brinker international,ticker_map_name
0000703604,DISTRIBUTION SOLUTIO GRO INC,Lawson Products Inc,lawson products,ticker_map_name
0000704440,KORU MEDICAL SYSTEMS INC,Repro Med Systems Inc,repro med systems,ticker_map_name
0000704532,ONTO INNOVATION INC,Nanometrics Inc,nanometrics,ticker_map_name
0000704562,AVID BIOSERVICES INC,Peregrine Pharmaceuticals Inc,peregrine pharmaceuticals,ticker_map_name
0000707388,STAR EQUITY HOLDING INC -OLD,Digirad Corp,digirad,ticker_map_name
0000707605,AMERISERV FINANCIAL INC/PA,Ameriserv Financial Inc,ameriserv financial,ticker_map_name
0000708955,FIRST FINL BANCORP INC/OH,First Financial Bancorp,first financial bancorp,ticker_map_name
0000709337,FARMERS NATL BANC CORP/OH,Farmers National Banc Corp,farmers national banc,ticker_map_name
0000711404,COOPER COS INC (THE),Cooper Companies Inc,cooper companies,ticker_map_name
0000712537,FIRST COMMONWLTH FINL CP/PA,First Commonwealth Financial Corp,first commonwealth financial,ticker_map_name
0000712771,CONNECTONE BANCORP INC,Center Bancorp Inc,center bancorp,ticker_map_name
0000713425,LOGILITY SPPLY CHAIN SOL INC,American Software Inc,american software,ticker_map_name
0000713676,PNC FINANCIAL SVCS GROUP INC,PNC Financial Services Group Inc,pnc financial services,ticker_map_name
0000714256,SANARA MEDTECH INC,Wound Management Technologies Inc,wound management technologies,ticker_map_name
0000714712,JUNIATA VALLEY FINANCIAL CP,Juniata Valley Financial Corp,juniata valley financial,ticker_map_name
0000715446,ANIXA BIOSCIENCES INC,Copytele Inc,copytele,ticker_map_name
0000715957,DOMINION ENERGY INC,Dominion Resources Inc,dominion resources,ticker_map_name
0000716634,READING INTL INC  -CL A,Reading International Inc,reading international,ticker_map_name
0000716643,REGIS CORP/MN,Regis Corp,regis,ticker_map_name
0000717806,FIRST US BANCSHARES INC,United Security Bancshares Inc,united security bancshares,ticker_map_name
0000718332,RAVE RESTAURANT GROUP INC,Pizza Inn Holdings Inc,pizza inn,ticker_map_name
0000718413,COMMUNITY BANCORP INC/VT,Community Bancorp,community bancorp,ticker_map_name
0000719135,APYX MEDICAL CORP,Bovie Medical Corp,bovie medical,ticker_map_name
0000719220,S & T BANCORP INC,S&T Bancorp Inc,st bancorp,ticker_map_name
0000719274,GIGA-TRONICS INC,Giga Tronics Inc,giga tronics,ticker_map_name
0000719402,FIRST NATIONAL CORP/VA,First National Corp,first national,ticker_map_name
0000719955,WILLIAMS-SONOMA INC,Williams Sonoma Inc,williams sonoma,ticker_map_name
0000720762,NON INVASIVE MONITOR,Non Invasive Monitoring Systems Inc,non invasive monitoring systems,ticker_map_name
0000721693,SMART POWERR CORP,China Recycling Energy Corp,china recycling energy,ticker_map_name
0000723188,COMMUNITY FINANCIAL SYST INC,Community Bank System Inc,community bank system,ticker_map_name
0000723646,FRANKLIN FINANCIAL SVCS CORP,Franklin Financial Services Corp,franklin financial services,ticker_map_name
0000726601,CAPITAL CITY BK GROUP INC,Capital City Bank Group Inc,capital city bank,ticker_map_name
0000727346,SELECTIS HEALTH INC,Global Healthcare REIT Inc,global healthcare reit,ticker_map_name
0000728385,BIRCHTECH CORP,Midwest Energy Emissions Corp,midwest energy emissions,ticker_map_name
0000728535,HUNT (JB) TRANSPRT SVCS INC,Hunt J B Transport Services Inc,hunt j b transport services,ticker_map_name
0000729986,UNITED BANKSHARES INC/WV,United Bankshares Inc,united bankshares,ticker_map_name
0000730464,COVISTA INC,Devry Education Group Inc,devry education,ticker_map_name
0000730708,SEACOAST BANKING CORP/FL,Seacoast Banking Corp Of Florida,seacoast banking corp of florida,ticker_map_name
0000731653,UNITED BANCORP INC/OH,United Bancorp Inc,united bancorp,ticker_map_name
0000732026,TRIO-TECH INTERNATIONAL,Trio Tech International,trio tech international,ticker_map_name
0000733269,LIVERAMP HOLDINGS INC,Acxiom Corp,acxiom,ticker_map_name
0000733590,TRANSCONTINENTAL RLTY INVS,Transcontinental Realty Investors Inc,transcontinental realty investors,ticker_map_name
0000736772,CNB FINANCIAL CORP/PA,CNB Financial Corp,cnb financial,ticker_map_name
0000737468,WASHINGTON TR BANCORP INC,Washington Trust Bancorp Inc,washington trust bancorp,ticker_map_name
0000739421,CITIZENS FINANCIAL SVCS INC,Citizens Financial Services Inc,citizens financial services,ticker_map_name
0000740663,FIRST LONG ISLAND CORP,First Of Long Island Corp,first of long island,ticker_map_name
0000740806,F & M BANK CORP,F&M Bank Corp,fm bank,ticker_map_name
0000741516,AMERICAN NATL BANKSHARES,American National Bankshares Inc,american national bankshares,ticker_map_name
0000743367,BAR HARBOR BANKSHARES,Harbor Bankshares Bar,harbor bankshares bar,ticker_map_name
0000743758,AIADVERTISING INC,Warp 9 Inc,warp 9,ticker_map_name
0000744452,BNB PLUS CORP,Applied Dna Sciences Inc,applied dna sciences,ticker_map_name
0000744825,AMERICAN SHARED HSPTL SERV,American Shared Hospital Services,american shared hospital services,ticker_map_name
0000746210,TAOWEAVE INC,Glowpoint Inc,glowpoint,ticker_map_name
0000746514,NEW ENGLAND REALTY ASSC  -LP,New England Realty Associates Limited Partnership,new england realty associates limited partnership,ticker_map_name
0000746515,EXPEDITORS INTL WASH INC,Expeditors International Of Washington Inc,expeditors international of washington,ticker_map_name
0000748268,RED CAT HOLDINGS INC,Broadleaf Capital Partners Inc,broadleaf capital partners,ticker_map_name
0000748592,ERNEXA THERAPEUTICS INC,NTN Buzztime Inc,ntn buzztime,ticker_map_name
0000749647,IMUNON INC,Celsion Corp,celsion,ticker_map_name
0000750004,LIGHT & WONDER INC,Scientific Games Corp,scientific games,ticker_map_name
0000750574,AUBURN NATIONAL BANCORP,Auburn National Bancorporation Inc,auburn national bancorporation,ticker_map_name
0000750577,HANCOCK WHITNEY CORP,Hancock Holding Co,hancock,ticker_map_name
0000751364,NNN REIT INC,National Retail Properties Inc,national retail properties,ticker_map_name
0000752294,ELECTRONIC SYSTEM TECH INC,Electronic Systems Technology Inc,electronic systems technology,ticker_map_name
0000760498,BANCFIRST CORP/OK,Bancfirst Corp,bancfirst,ticker_map_name
0000763744,LCI INDUSTRIES,Drew Industries Inc,drew industries,ticker_map_name
0000764038,SOUTH STATE BANK CORP,First Financial Holdings Inc,first financial,ticker_map_name
0000764065,CLEVELAND-CLIFFS INC,Cliffs Natural Resources Inc,cliffs natural resources,ticker_map_name
0000764897,BROAD STREET REALTY INC,Banyan Rail Services Inc,banyan rail services,ticker_map_name
0000765207,FIRST BANCORP INC/ME,First Bancorp Inc,first bancorp,ticker_map_name
0000765880,HEALTHPEAK PROPERTIES INC,HCP Inc,hcp,ticker_map_name
0000766404,MULTI SOFT INC,Multi Soft II Inc,multi soft ii,ticker_map_name
0000766704,WELLTOWER INC,Health Care REIT Inc,health care reit,ticker_map_name
0000766829,H2O AMERICA,SJW Corp,sjw,ticker_map_name
0000768216,LOGICQUEST TECHNOLOGY INC,Bluegate Corp,bluegate,ticker_map_name
0000770460,PEOPLES FINANCIAL CORP/MS,Peoples Financial Corp,peoples financial,ticker_map_name
0000771999,DSS INC,Document Security Systems Inc,document security systems,ticker_map_name
0000773717,AMERICAN CLEAN RES GRP INC,Standard Metals Processing Inc,standard metals processing,ticker_map_name
0000776867,WHITE MTNS INS GROUP LTD,White Mountains Insurance Group LTD,white mountains insurance,ticker_map_name
0000776901,INDEPENDENT BANK CORP/MA,Independent Bank Corp,independent bank,ticker_map_name
0000778164,ALTO INGREDIENTS INC,Pacific Ethanol Inc,pacific ethanol,ticker_map_name
0000783325,WEC ENERGY GROUP INC,Wisconsin Energy Corp,wisconsin energy,ticker_map_name
0000784199,ARTIVION INC,Cryolife Inc,cryolife,ticker_map_name
0000785161,ENCOMPASS HEALTH CORP,Healthsouth Corp,healthsouth,ticker_map_name
0000785956,J & J SNACK FOODS CORP,J&J Snack Foods Corp,jj snack foods,ticker_map_name
0000787253,NATURAL ALTERNATIVES,Natural Alternatives International Inc,natural alternatives international,ticker_map_name
0000788329,JOHNSON OUTDOORS INC  -CL A,Johnson Outdoors Inc,johnson outdoors,ticker_map_name
0000788784,PUBLIC SERVICE ENTRP GRP INC,Public Service Enterprise Group Inc,public service enterprise,ticker_map_name
0000788920,PRO-DEX INC/CO,Pro Dex Inc,pro dex,ticker_map_name
0000789460,WORLD KINECT CORP,World Fuel Services Corp,world fuel services,ticker_map_name
0000789933,NACCO INDUSTRIES  -CL A,Nacco Industries Inc,nacco industries,ticker_map_name
0000790051,CARLISLE COS INC,Carlisle Companies Inc,carlisle companies,ticker_map_name
0000790359,N B T BANCORP INC,NBT Bancorp Inc,nbt bancorp,ticker_map_name
0000791908,XOMA ROYALTY CORP,Xoma Corp,xoma,ticker_map_name
0000792966,FARMERS & MERCHANTS BCP/OH,Farmers & Merchants Bancorp Inc,farmers merchants bancorp,ticker_map_name
0000793952,HARLEY-DAVIDSON INC,Harley Davidson Inc,harley davidson,ticker_map_name
0000796343,ADOBE INC,Adobe Systems Inc,adobe systems,ticker_map_name
0000796534,NATIONAL BANKSHARES INC VA,National Bankshares Inc,national bankshares,ticker_map_name
0000797465,HG HOLDINGS INC,Stanley Furniture Co Inc,stanley furniture,ticker_map_name
0000797542,VIEWBIX INC,Zaxis International Inc,zaxis international,ticker_map_name
0000798287,PAMT CORP,Pam Transportation Services Inc,pam transportation services,ticker_map_name
0000798359,CENTRESPACE,Investors Real Estate Trust,investors real estate trust,ticker_map_name
0000798783,UNIVERSAL HEALTH RLTY INCOME,Universal Health Realty Income Trust,universal health realty income trust,ticker_map_name
0000798941,FIRST CITIZENS BANCSH  -CL A,First Citizens Bancshares Inc,first citizens bancshares,ticker_map_name
0000799165,DAWSON GEOPHYSICAL CO,TGC Industries Inc,tgc industries,ticker_map_name
0000799292,M/I HOMES INC,M I Homes Inc,m i homes,ticker_map_name
0000799698,LADRX CORP,Cytrx Corp,cytrx,ticker_map_name
0000800240,ODP CORP,Office Depot Inc,office depot,ticker_map_name
0000802257,MITESCO INC,Trunity Holdings Inc,trunity,ticker_map_name
0000803578,FIREFLY NEUROSCIENCE INC,Information Analysis Inc,information analysis,ticker_map_name
0000803649,EQUITY COMMONWEALTH,Commonwealth REIT,commonwealth reit,ticker_map_name
0000804269,GENERAL MOTORS FINL CO INC,General Motors Financial Company Inc,general motors financial,ticker_map_name
0000806172,SONO-TEK CORP,Sono Tek Corp,sono tek,ticker_map_name
0000811222,CARDIFF LEXINGTON CORP,Cardiff International Inc,cardiff international,ticker_map_name
0000811589,FIRST BANCORP/NC,First Bancorp,first bancorp,ticker_map_name
0000812074,O-I GLASS INC,Owens Illinois Inc,owens illinois,ticker_map_name
0000814453,NEWELL BRANDS INC,Newell Rubbermaid Inc,newell rubbermaid,ticker_map_name
0000815097,CARNIVAL CORPORATION & PLC,Carnival Corp,carnival,ticker_map_name
0000818479,DENTSPLY SIRONA INC,Dentsply International Inc,dentsply international,ticker_map_name
0000819050,FRESH TRACKS THERAPEUTIC INC,Vical Inc,vical,ticker_map_name
0000819793,ALBANY INTL CORP  -CL A,Albany International Corp,albany international,ticker_map_name
0000820318,COHERENT CORP,Ii-vi Inc,iivi,ticker_map_name
0000820771,GOLIATH FILM & MEDIA HLDGS,Goliath Film & Media Holdings,goliath film media,ticker_map_name
0000821002,G-III APPAREL GROUP LTD,G III Apparel Group LTD,g iii apparel,ticker_map_name
0000821130,ARRAY DIG INFRASTRUCTURE INC,United States Cellular Corp,united states cellular,ticker_map_name
0000821483,PAR PACIFIC HOLDINGS INC,Par Petroleum Corp,par petroleum,ticker_map_name
0000822370,EMMAUS LIFE SCIENCES INC,CNS Response Inc,cns response,ticker_map_name
0000822663,INTERPARFUMS INC,Inter Parfums Inc,inter parfums,ticker_map_name
0000826154,ORRSTOWN FINANCIAL SVCS INC,Orrstown Financial Services Inc,orrstown financial services,ticker_map_name
0000827187,SLEEP NUMBER CORP,Select Comfort Corp,select comfort,ticker_map_name
0000831259,FREEPORT-MCMORAN INC,Freeport Mcmoran Copper & Gold Inc,freeport mcmoran copper gold,ticker_map_name
0000831378,LVPAI GROUP LTD,Finotec Group Inc,finotec,ticker_map_name
0000832428,EW SCRIPPS  -CL A,Scripps E W Co,scripps e w,ticker_map_name
0000833444,JOHNSON CONTROLS INTL PLC,Tyco International LTD,tyco international,ticker_map_name
0000835324,STOCK YARDS BANCORP INC,S Y Bancorp Inc,s y bancorp,ticker_map_name
0000835662,AIXIN LIFE INTERNATIONAL INC,Mercari Communications Group LTD,mercari communications,ticker_map_name
0000836690,INNOVATIVE SOLTNS & SUPP INC,Innovative Solutions & Support Inc,innovative solutions support,ticker_map_name
0000837852,IDEANOMICS INC,You On Demand Holdings Inc,you on demand,ticker_map_name
0000839087,VASO CORP,Vasomedical Inc,vasomedical,ticker_map_name
0000839470,WESTWATER RESOURCES INC,Uranium Resources Inc,uranium resources,ticker_map_name
0000840489,FIRSTCASH HOLDINGS INC,First Cash Financial Services Inc,first cash financial services,ticker_map_name
0000842023,BIO-TECHNE CORP,Techne Corp,techne,ticker_map_name
0000843006,ACCESS NEWSWIRE INC,Issuer Direct Corp,issuer direct,ticker_map_name
0000844059,FRP HOLDINGS INC,Patriot Transportation Holding Inc,patriot transportation,ticker_map_name
0000844856,HEALTHIER CHOICES MNGMT CORP,Vapor Corp,vapor,ticker_map_name
0000844965,TETRA TECHNOLOGIES INC/DE,Tetra Technologies Inc,tetra technologies,ticker_map_name
0000845385,PRINCETON CAPITAL CORP,Regal One Corp,regal one,ticker_map_name
0000845877,FEDERAL AGRICULTURE MTG CP,Federal Agricultural Mortgage Corp,federal agricultural mortgage,ticker_map_name
0000846617,DIME COMMUNITY BANCSHARES,Bridge Bancorp Inc,bridge bancorp,ticker_map_name
0000849399,GEN DIGITAL INC,Symantec Corp,symantec,ticker_map_name
0000856984,AMER BIOGENETIC SCI  -CL A,American Biogenetic Sciences Inc,american biogenetic sciences,ticker_map_name
0000857949,ENLIGHTIFY INC,China Green Agriculture Inc,china green agriculture,ticker_map_name
0000858470,COTERRA ENERGY INC,Cabot Oil & Gas Corp,cabot oil gas,ticker_map_name
0000859070,FIRST CMNTY BANCSHARES INC,First Community Bancshares Inc,first community bancshares,ticker_map_name
0000860543,JACKSAM CORP,China Grand Resorts Inc,china grand resorts,ticker_map_name
0000860546,COPT DEFENSE PROPERTIES,Corporate Office Properties Trust,corporate office properties trust,ticker_map_name
0000860730,HCA HEALTHCARE INC,Hca Holdings Inc,hca,ticker_map_name
0000860748,KEMPER CORP/DE,Kemper Corp,kemper,ticker_map_name
0000861884,RELIANCE INC,Reliance Steel & Aluminum Co,reliance steel aluminum,ticker_map_name
0000862692,CRYO-CELL INTERNATIONAL INC,Cryo Cell International Inc,cryo cell international,ticker_map_name
0000862861,ALT5 SIGMA CORP,Appliance Recycling Centers Of America Inc,appliance recycling centers of america,ticker_map_name
0000863110,ARTESIAN RESOURCES  -CL A,Artesian Resources Corp,artesian resources,ticker_map_name
0000863894,VERU INC,Female Health Co,female health,ticker_map_name
0000864749,TRIMBLE INC,Trimble Navigation LTD,trimble navigation,ticker_map_name
0000866374,FLEX LTD,Flextronics International LTD,flextronics international,ticker_map_name
0000866439,DARKPULSE INC,Klever Marketing Inc,klever marketing,ticker_map_name
0000868857,AECOM,Aecom Technology Corp,aecom technology,ticker_map_name
0000873860,ONITY GROUP INC,Ocwen Financial Corp,ocwen financial,ticker_map_name
0000874015,IONIS PHARMACEUTICALS INC,Isis Pharmaceuticals Inc,isis pharmaceuticals,ticker_map_name
0000874238,STERLING INFRASTRUCTURE INC,Sterling Construction Co Inc,sterling construction,ticker_map_name
0000874501,OCTAVE SPECIALTY GROUP INC,Ambac Financial Group Inc,ambac financial,ticker_map_name
0000874716,IDEXX LABS INC,Idexx Laboratories Inc,idexx laboratories,ticker_map_name
0000874761,AES CORP (THE),Aes Corp,aes,ticker_map_name
0000874766,HARTFORD INSURANCE GROUP INC,Hartford Financial Services Group Inc,hartford financial services,ticker_map_name
0000875045,BIOGEN INC,Biogen Idec Inc,biogen idec,ticker_map_name
0000875355,BLOOMIA HOLDINGS INC,Insignia Systems Inc,insignia systems,ticker_map_name
0000875582,NORTHERN TECH INTL,Northern Technologies International Corp,northern technologies international,ticker_map_name
0000875729,BION ENVIRONMENTAL TECH INC,Bion Environmental Technologies Inc,bion environmental technologies,ticker_map_name
0000876343,LINEAGE CELL THERAPEUTICS IN,Biotime Inc,biotime,ticker_map_name
0000876378,ASENSUS SURGICAL INC,Transenterix Inc,transenterix,ticker_map_name
0000876427,MONRO INC,Monro Muffler Brake Inc,monro muffler brake,ticker_map_name
0000876437,MGIC INVESTMENT CORP/WI,Mgic Investment Corp,mgic investment,ticker_map_name
0000876523,EZCORP INC  -CL A,Ezcorp Inc,ezcorp,ticker_map_name
0000876883,STAGWELL INC,MDC Partners Inc,mdc partners,ticker_map_name
0000877212,ZEBRA TECHNOLOGIES CP  -CL A,Zebra Technologies Corp,zebra technologies,ticker_map_name
0000877422,SPARTANNASH CO,Spartan Stores Inc,spartan stores,ticker_map_name
0000878927,OLD DOMINION FREIGHT,Old Dominion Freight Line Inc,old dominion freight line,ticker_map_name
0000879407,ARROWHEAD PHARMACEUTICAL INC,Arrowhead Research Corp,arrowhead research,ticker_map_name
0000879585,ATN INTERNATIONAL INC,Atlantic Tele Network Inc,atlantic tele network,ticker_map_name
0000880117,SANFILIPPO JOHN B&SON,Sanfilippo John B & Son Inc,sanfilippo john b son,ticker_map_name
0000880417,CSB BANCORP INC/OH,CSB Bancorp Inc,csb bancorp,ticker_map_name
0000880631,WISDOMTREE INC,Wisdomtree Investments Inc,wisdomtree investments,ticker_map_name
0000880807,AMERICAN SUPERCONDUCTOR CP,American Superconductor Corp,american superconductor,ticker_map_name
0000882184,D R HORTON INC,Horton D R Inc,horton d r,ticker_map_name
0000882835,ROPER TECHNOLOGIES INC,Roper Industries Inc,roper industries,ticker_map_name
0000883107,SOLESENCE INC,Nanophase Technologies Corporation,nanophase technologies,ticker_map_name
0000883237,VIRTUS INVESTMENT PTNRS INC,Virtus Investment Partners Inc,virtus investment partners,ticker_map_name
0000883902,CORNERSTNE BULDNG BRNDS INC,Nci Building Systems Inc,nci building systems,ticker_map_name
0000883948,ATLANTIC UNION BANKSHRS CRP,Union First Market Bankshares Corp,union first market bankshares,ticker_map_name
0000883975,MICROBOT MEDICAL INC,Stemcells Inc,stemcells,ticker_map_name
0000884219,PURSUIT ATTRC AND HSPTLY INC,Viad Corp,viad,ticker_map_name
0000884624,ORTHOFIX MEDICAL INC,Orthofix International N V,orthofix international n v,ticker_map_name
0000884887,ROYAL CARIBBEAN GROUP,Royal Caribbean Cruises LTD,royal caribbean cruises,ticker_map_name
0000885307,JEWETT-CAMERON TRADING CO,Jewett Cameron Trading Co LTD,jewett cameron trading,ticker_map_name
0000885590,BAUSCH HEALTH COMPANIES INC,Valeant Pharmaceuticals International Inc,valeant pharmaceuticals international,ticker_map_name
0000885978,US PHYSICAL THERAPY INC,U S Physical Therapy Inc,u s physical therapy,ticker_map_name
0000886163,LIGAND PHARMACEUTICAL INC,Ligand Pharmaceuticals Inc,ligand pharmaceuticals,ticker_map_name
0000887359,VERICEL CORP,Aastrom Biosciences Inc,aastrom biosciences,ticker_map_name
0000888491,OMEGA HEALTHCARE INVS INC,Omega Healthcare Investors Inc,omega healthcare investors,ticker_map_name
0000889609,CONSUMER PORTFOLIO SVCS INC,Consumer Portfolio Services Inc,consumer portfolio services,ticker_map_name
0000889900,PATTERSON-UTI ENERGY INC,Patterson Uti Energy Inc,patterson uti energy,ticker_map_name
0000890394,PERASO INC,Mosys Inc,mosys,ticker_map_name
0000890564,ASGN INC,On Assignment Inc,on assignment,ticker_map_name
0000890821,ENVERIC BIOSCIENCES INC,Spatializer Audio Laboratories Inc,spatializer audio laboratories,ticker_map_name
0000891024,PATTERSON COS INC,Patterson Companies Inc,patterson companies,ticker_map_name
0000891103,MATCH GROUP INC,Iac,iac,ticker_map_name
0000891166,UNIVERSAL INSURANCE HLDGS,Universal Insurance Holdings Inc,universal insurance,ticker_map_name
0000891417,NANO MAGIC INC,Applied Nanotech Holdings Inc,applied nanotech,ticker_map_name
0000891532,PERMA-FIX ENVIRONMENTAL SVCS,Perma Fix Environmental Services Inc,perma fix environmental services,ticker_map_name
0000893949,PEDIATRIX MEDICAL GROUP INC,Mednax Inc,mednax,ticker_map_name
0000894158,THERIVA BIOLOGICS INC,Synthetic Biologics Inc,synthetic biologics,ticker_map_name
0000894315,SITE CENTERS CORP,DDR Corp,ddr,ticker_map_name
0000894405,ARCBEST CORP,Arkansas Best Corp,arkansas best,ticker_map_name
0000894556,CITROTECH INC,General Environmental Management Inc,general environmental management,ticker_map_name
0000894871,ARENA GROUP HLDNGS INC (THE),Integrated Surgical Systems Inc,integrated surgical systems,ticker_map_name
0000895126,EXPAND ENERGY CORP,Chesapeake Energy Corp,chesapeake energy,ticker_map_name
0000895417,EQUITY LIFESTYLE PPTYS INC,Equity Lifestyle Properties Inc,equity lifestyle properties,ticker_map_name
0000895419,WOLFSPEED INC,Cree Inc,cree,ticker_map_name
0000896159,CHUBB LTD,Ace LTD,ace,ticker_map_name
0000896429,CANTALOUPE INC,USA Technologies Inc,usa technologies,ticker_map_name
0000896493,HYPERSCALE DATA INC,Digital Power Corp,digital power,ticker_map_name
0000897078,RESONATE BLENDS INC,Firstwave Technologies Inc,firstwave technologies,ticker_map_name
0000897448,AMARIN CORPORATION PLC,Amarin Corp PLC,amarin corp,ticker_map_name
0000898173,O'REILLY AUTOMOTIVE INC,O Reilly Automotive Inc,o reilly automotive,ticker_map_name
0000898174,REINSURANCE GROUP AMER INC,Reinsurance Group Of America Inc,reinsurance group of america,ticker_map_name
0000898293,JABIL INC,Jabil Circuit Inc,jabil circuit,ticker_map_name
0000899394,HARBOR DIVERSIFIED INC,Harbor Biosciences Inc,harbor biosciences,ticker_map_name
0000899715,TANGER INC,Tanger Factory Outlet Centers Inc,tanger factory outlet centers,ticker_map_name
0000902791,BARRETT BUSINESS SVCS INC,Barrett Business Services Inc,barrett business services,ticker_map_name
0000907471,PATHWARD FINANCIAL INC,Meta Financial Group Inc,meta financial,ticker_map_name
0000907654,ORUKA THERAPEUTICS INC,Arca Biopharma Inc,arca biopharma,ticker_map_name
0000908259,ONCOTELIC THERAPEUTICS INC,Oxigene Inc,oxigene,ticker_map_name
0000908311,CREATIVE MEDIA & COM TR CORP,PMC Commercial Trust,pmc commercial trust,ticker_map_name
0000909108,DIAMOND HILL INVESTMENT GRP,Diamond Hill Investment Group Inc,diamond hill investment,ticker_map_name
0000910073,FLAGSTAR BANK NA,New York Community Bancorp Inc,new york community bancorp,ticker_map_name
0000910108,LXP INDUSTRIAL TRUST,Lexington Realty Trust,lexington realty trust,ticker_map_name
0000910612,CBL & ASSOCIATES PPTYS INC,CBL & Associates Properties Inc,cbl associates properties,ticker_map_name
0000911177,CASELLA WASTE SYS INC  -CL A,Casella Waste Systems Inc,casella waste systems,ticker_map_name
0000912093,VIAVI SOLUTIONS INC,JDS Uniphase Corp,jds uniphase,ticker_map_name
0000912595,MID-AMERICA APT CMNTYS INC,Mid America Apartment Communities Inc,mid america apartment communities,ticker_map_name
0000912603,RADIUS RECYCLING INC,Schnitzer Steel Industries Inc,schnitzer steel industries,ticker_map_name
0000912767,UFP INDUSTRIES INC,Universal Forest Products Inc,universal forest products,ticker_map_name
0000913241,MADDEN STEVEN LTD,Steven Madden LTD,steven madden,ticker_map_name
0000913277,CLARUS CORP,Black Diamond Inc,black diamond,ticker_map_name
0000913341,C&F FINANCIAL CORP,C & F Financial Corp,c f financial,ticker_map_name
0000913760,STONEX GROUP INC,Intl Fcstone Inc,intl fcstone,ticker_map_name
0000914122,PERMA-PIPE INTERNATIONAL HOL,Mfri Inc,mfri,ticker_map_name
0000914712,STEEL CONNECT INC,Moduslink Global Solutions Inc,moduslink global solutions,ticker_map_name
0000916540,DARLING INGREDIENTS INC,Darling International Inc,darling international,ticker_map_name
0000916907,SOUTHERN MISSOURI BANCP INC,Southern Missouri Bancorp Inc,southern missouri bancorp,ticker_map_name
0000917225,SOLITARIO RESOURCES CORP,Solitario Exploration & Royalty Corp,solitario exploration royalty,ticker_map_name
0000917520,INTEGRA LIFESCIENCES HOLDNGS,Integra Lifesciences Holdings Corp,integra lifesciences,ticker_map_name
0000918251,MOTORCAR PARTS OF AMER INC,Motorcar Parts America Inc,motorcar parts america,ticker_map_name
0000919012,AMERN EAGLE OUTFITTERS INC,American Eagle Outfitters Inc,american eagle outfitters,ticker_map_name
0000919864,FINWARD BANCORP,Northwest Indiana Bancorp,northwest indiana bancorp,ticker_map_name
0000920148,LABCORP HOLDINGS INC,Laboratory Corp Of America Holdings,laboratory corp of america,ticker_map_name
0000921114,ARMATA PHARMACEUTICALS INC,Ampliphi Biosciences Corp,ampliphi biosciences,ticker_map_name
0000921557,REPUBLIC BANCORP INC/KY,Republic Bancorp Inc,republic bancorp,ticker_map_name
0000921738,PENN ENTERTAINMENT INC,Penn National Gaming Inc,penn national gaming,ticker_map_name
0000921825,FIRST INDL REALTY TRUST INC,First Industrial Realty Trust Inc,first industrial realty trust,ticker_map_name
0000922247,CYCLO THERAPEUTICS INC,CTD Holdings Inc,ctd,ticker_map_name
0000922864,APARTMENT INVST & MGMT CO,Apartment Investment & Management Co,apartment investment management,ticker_map_name
0000923120,GREENBRIER COS INC (THE),Greenbrier Companies Inc,greenbrier companies,ticker_map_name
0000924383,GENASYS INC,Lrad Corp,lrad,ticker_map_name
0000924719,SMITH-MIDLAND CORP,Smith Midland Corp,smith midland,ticker_map_name
0000924805,FREEDOM HOLDING CORP,BMB Munai Inc,bmb munai,ticker_map_name
0000924822,MILLER INDUSTRIES INC/TN,Miller Industries Inc,miller industries,ticker_map_name
0000924901,VERIS RESIDENTIAL INC,Mack Cali Realty Corp,mack cali realty,ticker_map_name
0000925741,BIOCARDIA INC,Tiger X Medical Inc,tiger x medical,ticker_map_name
0000926423,MIND TECHNOLOGY INC,Mitcham Industries Inc,mitcham industries,ticker_map_name
0000926617,ASPIRA WOMENS HEALTH INC,Vermillion Inc,vermillion,ticker_map_name
0000926844,FUSS BRANDS CORP,China Botanic Pharmaceutical,china botanic pharmaceutical,ticker_map_name
0000927003,ADVANCED ENERGY INDS INC,Advanced Energy Industries Inc,advanced energy industries,ticker_map_name
0000927066,DAVITA INC,Davita Healthcare Partners Inc,davita healthcare partners,ticker_map_name
0000928022,CALLON PETROLEUM CO/DE,Callon Petroleum Co,callon petroleum,ticker_map_name
0000928658,COVENANT LOGISTICS GROUP INC,Covenant Transportation Group Inc,covenant transportation,ticker_map_name
0000929008,WESCO INTL INC,Wesco International Inc,wesco international,ticker_map_name
0000929351,STARZ ENTERTAINMENT CORP,Lions Gate Entertainment Corp,lions gate entertainment,ticker_map_name
0000930245,AGASSI SPORTS ENTERTAIN CORP,All American Sportpark Inc,all american sportpark,ticker_map_name
0000931015,POLARIS INC,Polaris Industries Inc,polaris industries,ticker_map_name
0000931584,UNVL STAINLESS & ALLOY PRODS,Universal Stainless & Alloy Products Inc,universal stainless alloy products,ticker_map_name
0000932021,GLOBAL TECHNOLOGIES LTD,Interactive Flight Technologies Inc,interactive flight technologies,ticker_map_name
0000932781,FIRST COMMUNITY CORP/SC,First Community Corp,first community,ticker_map_name
0000933036,UPBOUND GROUP INC,Rent A Center Inc De,rent a center inc de,ticker_map_name
0000933136,MR COOPER GROUP INC,Wmi Holdings Corp,wmi,ticker_map_name
0000933972,374WATER INC,Powerverde Inc,powerverde,ticker_map_name
0000933974,AZENTA INC,Brooks Automation Inc,brooks automation,ticker_map_name
0000935419,RCI HOSPITALITY HLDGS INC,Ricks Cabaret International Inc,ricks cabaret international,ticker_map_name
0000936528,WAFD INC,Washington Federal Inc,washington federal,ticker_map_name
0000939930,PYXUS INTERNATIONAL INC,Alliance One International Inc,alliance one international,ticker_map_name
0000940942,HUB GROUP INC  -CL A,Hub Group Inc,hub,ticker_map_name
0000942126,TAITRON COMPONENTS  -CL A,Taitron Components Inc,taitron components,ticker_map_name
0000943452,WABTEC CORP,Westinghouse Air Brake Technologies Corp,westinghouse air brake technologies,ticker_map_name
0000944745,CIVISTA BANCSHARES INC,First Citizens Banc Corp,first citizens banc,ticker_map_name
0000945114,GLOBAL INDUSTRIAL CO,Systemax Inc,systemax,ticker_map_name
0000945394,SERVICE PROPERTIES TRUST,Hospitality Properties Trust,hospitality properties trust,ticker_map_name
0000945617,AMERICAN CANNABIS CO INC,Brazil Interactive Media Inc,brazil interactive media,ticker_map_name
0000945983,CLIMB GLOBAL SOLUTIONS INC,Wayside Technology Group Inc,wayside technology,ticker_map_name
0000946486,WINDTREE THERAPEUTICS INC,Discovery Laboratories Inc,discovery laboratories,ticker_map_name
0000946581,TAKE-TWO INTERACTIVE SFTWR,Take Two Interactive Software Inc,take two interactive software,ticker_map_name
0000946644,AIM IMMUNOTECH INC,Hemispherx Biopharma Inc,hemispherx biopharma,ticker_map_name
0000946647,PREMIER FINANCIAL CORP,First Defiance Financial Corp,first defiance financial,ticker_map_name
0000947559,FIRST BANCSHARES INC/MS,First Bancshares Inc,first bancshares,ticker_map_name
0000949039,DIAMOND OFFSHRE DRILLING INC,Diamond Offshore Drilling Inc,diamond offshore drilling,ticker_map_name
0000949858,ACHIEVE LIFE SCIENCES INC,Oncogenex Pharmaceuticals Inc,oncogenex pharmaceuticals,ticker_map_name
0000949870,BOSTON BEER INC  -CL A,Boston Beer Co Inc,boston beer,ticker_map_name
0000949961,INCOME OPPORTUNITY RLTY INVS,Income Opportunity Realty Investors Inc,income opportunity realty investors,ticker_map_name
0001000045,OLD MARKET CAPITAL CORP,Nicholas Financial Inc,nicholas financial,ticker_map_name
0001000623,MATIV HOLDINGS INC,Schweitzer Mauduit International Inc,schweitzer mauduit international,ticker_map_name
0001001171,BROADWAY FINANCIAL CORP/DE,Broadway Financial Corp,broadway financial,ticker_map_name
0001001233,SANGAMO THERAPEUTICS INC,Sangamo Biosciences Inc,sangamo biosciences,ticker_map_name
0001001385,NWPX INFRASTRUCTURE INC,Northwest Pipe Co,northwest pipe,ticker_map_name
0001002590,STAR GROUP LP,Star Gas Partners LP,star gas partners lp,ticker_map_name
0001003078,MSC INDUSTRIAL DIRECT  -CL A,MSC Industrial Direct Co Inc,msc industrial direct,ticker_map_name
0001004155,SOUTHERN CO GAS,Agl Resources Inc,agl resources,ticker_map_name
0001004434,AFFILIATED MANAGERS GRP INC,Affiliated Managers Group Inc,affiliated managers,ticker_map_name
0001004724,REGIONAL HEALTH PROPERTS INC,Adcare Health Systems Inc,adcare health systems,ticker_map_name
0001005101,MARYGOLD COMPANIES INC (THE),Concierge Technologies Inc,concierge technologies,ticker_map_name
0001005210,SUBURBAN PROPANE PRTNRS  -LP,Suburban Propane Partners LP,suburban propane partners lp,ticker_map_name
0001005286,LIFECORE BIOMEDL INC,Landec Corp,landec,ticker_map_name
0001005757,CSG SYSTEMS INTL INC,CSG Systems International Inc,csg systems international,ticker_map_name
0001011060,NORDICUS PARTNERS CORP,Advansource Biomaterials Corp,advansource biomaterials,ticker_map_name
0001012477,AVADEL PHARMACEUTICALS PLC,Flamel Technologies SA,flamel technologies sa,ticker_map_name
0001013880,TTEC HOLDINGS INC,Teletech Holdings Inc,teletech,ticker_map_name
0001013934,STRATEGIC EDUCATION INC,Strayer Education Inc,strayer education,ticker_map_name
0001014739,OPTION CARE HEALTH INC,Bioscrip Inc,bioscrip,ticker_map_name
0001014763,AINOS INC,Amarillo Biosciences Inc,amarillo biosciences,ticker_map_name
0001015383,OUTDOOR HOLDING CO,Retrospettiva Inc,retrospettiva,ticker_map_name
0001017480,HIBBETT INC,Hibbett Sports Inc,hibbett sports,ticker_map_name
0001017491,SEELOS THERAPEUTICS INC,Apricus Biosciences Inc,apricus biosciences,ticker_map_name
0001018399,ENTERPRISE BANCORP INC/MA,Enterprise Bancorp Inc,enterprise bancorp,ticker_map_name
0001018724,AMAZON.COM INC,Amazon Com Inc,amazon com,ticker_map_name
0001018840,ABERCROMBIE & FITCH  -CL A,Abercrombie & Fitch Co,abercrombie fitch,ticker_map_name
0001018963,ATI INC -NEW,Allegheny Technologies Inc,allegheny technologies,ticker_map_name
0001019034,BIO-KEY INTERNATIONAL INC,Bio Key International Inc,bio key international,ticker_map_name
0001021561,NU SKIN ENTERPRISES  -CL A,Nu Skin Enterprises Inc,nu skin enterprises,ticker_map_name
0001021860,NOV INC,National Oilwell Varco Inc,national oilwell varco,ticker_map_name
0001022505,SIDECHANNEL INC,National Scientific Corp,national scientific,ticker_map_name
0001022652,INSEEGO CORP,Novatel Wireless Inc,novatel wireless,ticker_map_name
0001022899,PROTAGENIC THERAPEUTICS INC,New Motion Inc,new motion,ticker_map_name
0001023128,LITHIA MOTORS INC  -CL A,Lithia Motors Inc,lithia motors,ticker_map_name
0001023994,OLENOX INDUSTRIES INC,SG Blocks Inc,sg blocks,ticker_map_name
0001024795,HELIOS TECHNOLOGIES INC,Sun Hydraulics Corp,sun hydraulics,ticker_map_name
0001025835,ENTERPRISE FINL SERVICES CP,Enterprise Financial Services Corp,enterprise financial services,ticker_map_name
0001026214,FEDERAL HOME LOAN MORTG CORP,Federal Home Loan Mortgage Corp,federal home loan mortgage,ticker_map_name
0001030192,IDAHO STRTEGIC RESOURCES INC,New Jersey Mining Co,new jersey mining,ticker_map_name
0001031235,GLOBAL SELF STORAGE INC,Self Storage Group Inc,self storage,ticker_map_name
0001035201,CALIFORNIA WATER SERVICE GP,California Water Service Group,california water service,ticker_map_name
0001035443,ALEXANDRIA R E EQUITIES INC,Alexandria Real Estate Equities Inc,alexandria real estate equities,ticker_map_name
0001035976,FNCB BANCORP INC,First National Community Bancorp Inc,first national community bancorp,ticker_map_name
0001036044,IDENTIV INC,Identive Group Inc,identive,ticker_map_name
0001037540,BXP INC,Boston Properties Inc,boston properties,ticker_map_name
0001037646,METTLER-TOLEDO INTL INC,Mettler Toledo International Inc,mettler toledo international,ticker_map_name
0001037676,ARCH RESOURCES INC,Arch Coal Inc,arch coal,ticker_map_name
0001038277,RADNOSTIX INC,International Isotopes Inc,international isotopes,ticker_map_name
0001038773,SMARTFINANCIAL INC,Cornerstone Bancshares Inc,cornerstone bancshares,ticker_map_name
0001039466,NOVACCESS GLOBAL INC,Xsunx Inc,xsunx,ticker_map_name
0001039828,AMERICAN NATIONAL GROUP INC,American Equity Investment Life Holding Co,american equity investment life,ticker_map_name
0001040829,RYMAN HOSPITALITY PPTYS INC,Ryman Hospitality Properties Inc,ryman hospitality properties,ticker_map_name
0001040896,INTELLICHECK INC,Intellicheck Mobilisa Inc,intellicheck mobilisa,ticker_map_name
0001041514,LESAKA TECHNOLOGIES INC,Net 1 Ueps Technologies Inc,net 1 ueps technologies,ticker_map_name
0001041657,URBAN ONE INC,Radio One Inc,radio one,ticker_map_name
0001041859,CHILDRENS PLACE INC,Childrens Place Retail Stores Inc,childrens place retail stores,ticker_map_name
0001042187,YUNHONG GREEN CTI LTD,Cti Industries Corp,cti industries,ticker_map_name
0001042418,INHIBITOR THERAPEUTICS INC,Hedgepath Pharmaceuticals Inc,hedgepath pharmaceuticals,ticker_map_name
0001042893,INNOVEX INTERNATIONAL INC,Dril-quip Inc,drilquip,ticker_map_name
0001043000,SONIDA SENIOR LIVING INC,Capital Senior Living Corp,capital senior living,ticker_map_name
0001043186,STABILIS SOLUTIONS INC,American Electric Technologies Inc,american electric technologies,ticker_map_name
0001043509,SONIC AUTOMOTIVE INC  -CL A,Sonic Automotive Inc,sonic automotive,ticker_map_name
0001043961,PRECIPIO INC,Transgenomic Inc,transgenomic,ticker_map_name
0001044777,ONESPAN INC,Vasco Data Security International Inc,vasco data security international,ticker_map_name
0001045742,LIVE VENTURES INC,Livedeal Inc,livedeal,ticker_map_name
0001045942,TRACK GROUP INC,Securealert Inc,securealert,ticker_map_name
0001046311,CHOICE HOTELS INTL INC,Choice Hotels International Inc,choice hotels international,ticker_map_name
0001046568,PERDOCEO EDUCATION CORP,Career Education Corp,career education,ticker_map_name
0001048268,IES HOLDINGS INC,Integrated Electrical Services Inc,integrated electrical services,ticker_map_name
0001048286,MARRIOTT INTL INC,Marriott International Inc,marriott international,ticker_map_name
0001048695,F5 INC,F5 Networks Inc,f5 networks,ticker_map_name
0001049502,MKS INC,MKS Instruments Inc,mks instruments,ticker_map_name
0001050441,EAGLE BANCORP INC/MD,Eagle Bancorp Inc,eagle bancorp,ticker_map_name
0001050446,STRATEGY INC,Microstrategy Inc,microstrategy,ticker_map_name
0001050743,PEAPACK-GLADSTONE FINAN CORP,Peapack Gladstone Financial Corp,peapack gladstone financial,ticker_map_name
0001051343,COMMUNITY WEST BANCSHRS -OLD,Community West Bancshares,community west bancshares,ticker_map_name
0001051470,CROWN CASTLE INC,Crown Castle International Corp,crown castle international,ticker_map_name
0001051514,STRATA SKIN SCIENCES INC,Mela Sciences Inc,mela sciences,ticker_map_name
0001053691,CERVOMED INC,Stratus Media Group Inc,stratus media,ticker_map_name
0001054102,INTERPACE BIOSCIENCES INC,Pdi Inc,pdi,ticker_map_name
0001056285,BRAND HOUSE COLLECTIVE INC,Kirklands Inc,kirklands,ticker_map_name
0001056288,FEDERATED HERMES INC,Federated Investors Inc,federated investors,ticker_map_name
0001057706,FIRST BANCORP P R,First Bancorp,first bancorp,ticker_map_name
0001058290,COGNIZANT TECH SOLUTIONS,Cognizant Technology Solutions Corp,cognizant technology solutions,ticker_map_name
0001058307,NEXTPLAT CORP,Silver Horn Mining LTD,silver horn mining,ticker_map_name
0001059142,GREYSTONE HSG IMPT INVTS LP,America First Multifamily Investors LP,america first multifamily investors lp,ticker_map_name
0001061027,VIRACTA THERAPEUTICS INC,Sunesis Pharmaceuticals Inc,sunesis pharmaceuticals,ticker_map_name
0001061219,ENTERPRISE PRODCT PARTNRS LP,Enterprise Products Partners LP,enterprise products partners lp,ticker_map_name
0001061630,BLACKSTONE MORTGAGE TR INC,Blackstone Mortgage Trust Inc,blackstone mortgage trust,ticker_map_name
0001062231,DAUCH CORP,American Axle & Manufacturing Holdings Inc,american axle manufacturing,ticker_map_name
0001065059,CENTRUS ENERGY CORP,Usec Inc,usec,ticker_map_name
0001065078,NETWORK-1 TECHNOLOGIES INC,Network 1 Technologies Inc,network 1 technologies,ticker_map_name
0001065837,SKECHERS U S A INC,Skechers USA Inc,skechers usa,ticker_map_name
0001066605,HEIDRICK & STRUGGLES INTL,Heidrick & Struggles International Inc,heidrick struggles international,ticker_map_name
0001066684,THEGLOBE.COM INC,Theglobe Com Inc,theglobe com,ticker_map_name
0001066764,BIMERGEN ENERGY CORP,Spine Pain Management Inc,spine pain management,ticker_map_name
0001066923,FUTURE FINTECH GROUP INC,Skypeople Fruit Juice Inc,skypeople fruit juice,ticker_map_name
0001067294,CRACKER BARREL OLD CTRY STOR,Cracker Barrel Old Country Store Inc,cracker barrel old country store,ticker_map_name
0001067837,AUDACY INC,Entercom Communications Corp,entercom communications,ticker_map_name
0001069183,AXON ENTERPRISE INC,Taser International Inc,taser international,ticker_map_name
0001069258,KRATOS DEFENSE & SECURITY,Kratos Defense & Security Solutions Inc,kratos defense security solutions,ticker_map_name
0001069394,FLEXIBLE SOLUTIONS INTL INC,Flexible Solutions International Inc,flexible solutions international,ticker_map_name
0001069530,FILANA THERAPEUTICS INC,Pain Therapeutics Inc,pain therapeutics,ticker_map_name
0001070050,APPTECH PAYMENTS CORP,Natural Nutrition Inc,natural nutrition,ticker_map_name
0001070412,CNX RESOURCES CORP,Consol Energy Inc,consol energy,ticker_map_name
0001070423,PLAINS ALL AMER PIPELNE  -LP,Plains All American Pipeline LP,plains all american pipeline lp,ticker_map_name
0001070680,CF BANKSHARES INC,Central Federal Corp,central federal,ticker_map_name
0001070985,CORECIVIC INC,Corrections Corp Of America,corrections corp of america,ticker_map_name
0001071255,GOLDEN ENTERTAINMENT INC,Lakes Entertainment Inc,lakes entertainment,ticker_map_name
0001072627,KINGSWAY FINANCIAL SVCS INC,Kingsway Financial Services Inc,kingsway financial services,ticker_map_name
0001074828,USBC INC,Visualant Inc,visualant,ticker_map_name
0001075415,DIVERSIFIED HEALTHCARE TRUST,Senior Housing Properties Trust,senior housing properties trust,ticker_map_name
0001075531,BOOKING HOLDINGS INC,Priceline Com Inc,priceline com,ticker_map_name
0001076930,NOVANTA INC,Gsi Group Inc,gsi,ticker_map_name
0001077688,HOOKER FURNISHINGS CORP,Hooker Furniture Corp,hooker furniture,ticker_map_name
0001078207,BOWFLEX INC,Nautilus Inc,nautilus,ticker_map_name
0001080014,INNOVIVA INC,Theravance Inc,theravance,ticker_map_name
0001081745,INTELLINETICS INC,Globalwise Investments Inc,globalwise investments,ticker_map_name
0001081938,CANNAPHARMARX INC,Golden Dragon Holding Co,golden dragon,ticker_map_name
0001082733,VISIUM TECHNOLOGIES INC,Nustate Energy Holdings Inc,nustate energy,ticker_map_name
0001083301,TERAWULF INC,Ikonics Corp,ikonics,ticker_map_name
0001083446,ASTRANA HEALTH INC,Apollo Medical Holdings Inc,apollo medical,ticker_map_name
0001083490,SUNRISE REAL ESTATE GRP INC,Sunrise Real Estate Group Inc,sunrise real estate,ticker_map_name
0001084048,ZIFF DAVIS INC,J2 Global Inc,j2 global,ticker_map_name
0001084475,VIDEO RIVER NETWORKS INC,Nighthawk Systems Inc,nighthawk systems,ticker_map_name
0001084869,1-800-FLOWERS.COM,1 800 Flowers Com Inc,1 800 flowers com,ticker_map_name
0001085243,VIRTRA INC,Virtra Systems Inc,virtra systems,ticker_map_name
0001086600,ALLIANCE RESOURCE PTNRS  -LP,Alliance Resource Partners LP,alliance resource partners lp,ticker_map_name
0001086745,STABLEX TECHNOLOGIES INC,WPCS International Inc,wpcs international,ticker_map_name
0001088034,USIO INC,Payment Data Systems Inc,payment data systems,ticker_map_name
0001088638,MASTERMIND INC,Coconnect Inc,coconnect,ticker_map_name
0001089815,ELITE HEALTH SYSTEMS INC,US Neurosurgical Inc,us neurosurgical,ticker_map_name
0001089872,GAIA INC,Gaiam Inc,gaiam,ticker_map_name
0001090009,SOUTHERN FIRST BANKSHARES,Southern First Bancshares Inc,southern first bancshares,ticker_map_name
0001090425,LAMAR ADVERTISING CO  -CL A,Lamar Advertising Co,lamar advertising,ticker_map_name
0001091748,ARGO GROUP INTL HOLDINGS LTD,Argo Group International Holdings LTD,argo group international,ticker_map_name
0001092796,SMITH & WESSON BRANDS INC,Smith & Wesson Holding Corp,smith wesson,ticker_map_name
0001093672,PEOPLES BANCORP NC INC,Peoples Bancorp Of North Carolina Inc,peoples bancorp of north carolina,ticker_map_name
0001094032,QDM INTERNATIONAL INC,Dale Jarrett Racing Adventure Inc,dale jarrett racing adventure,ticker_map_name
0001094038,MARKER THERAPEUTICS INC,Tapimmune Inc,tapimmune,ticker_map_name
0001094831,BGC GROUP INC,BGC Partners Inc,bgc partners,ticker_map_name
0001095073,EVEREST GROUP LTD,Everest Re Group LTD,everest re,ticker_map_name
0001095651,SAFEHOLD INC,Istar Financial Inc,istar financial,ticker_map_name
0001095981,PLUS THERAPEUTICS INC,Cytori Therapeutics Inc,cytori therapeutics,ticker_map_name
0001096275,WORKSPORT LTD,Franchise Holdings International Inc,franchise holdings international,ticker_map_name
0001096752,EDGEWELL PERSONAL CARE CO,Energizer Holdings Inc,energizer,ticker_map_name
0001100397,AYALA PHARMACEUTIC INC,Advaxis Inc,advaxis,ticker_map_name
0001100682,CHARLES RIVER LABS INTL INC,Charles River Laboratories International Inc,charles river laboratories international,ticker_map_name
0001101026,ZIVO BIOSCIENCE INC,Health Enhancement Products Inc,health enhancement products,ticker_map_name
0001101215,BREAD FINANCIAL HOLDINGS INC,Alliance Data Systems Corp,alliance data systems,ticker_map_name
0001101680,DZS INC,Zhone Technologies Inc,zhone technologies,ticker_map_name
0001103795,QS ENERGY INC,Save The World Air Inc,save the world air,ticker_map_name
0001104038,VERIFYME INC,Laserlock Technologies Inc,laserlock technologies,ticker_map_name
0001107280,OCULUS INC,Oculus Visiontech Inc,oculus visiontech,ticker_map_name
0001107421,ALAUNOS THERAPEUTICS INC,Ziopharm Oncology Inc,ziopharm oncology,ticker_map_name
0001108134,BEACON FINANCIAL CORP,Berkshire Hills Bancorp Inc,berkshire hills bancorp,ticker_map_name
0001108426,TXNM ENERGY INC,PNM Resources Inc,pnm resources,ticker_map_name
0001108524,SALESFORCE INC,Salesforce Com Inc,salesforce com,ticker_map_name
0001108645,CORRELATE ENERGY CORP,Frontier Oilfield Services Inc,frontier oilfield services,ticker_map_name
0001110607,KOIL ENERGY SOLUTIONS INC,Deep Down Inc,deep down,ticker_map_name
0001113809,BUILD-A-BEAR WORKSHOP INC,Build A Bear Workshop Inc,build a bear workshop,ticker_map_name
0001114483,INTEGER HOLDINGS CORP,Greatbatch Inc,greatbatch,ticker_map_name
0001114927,FIRST NORTHN CMNTY BANCORP,First Northern Community Bancorp,first northern community bancorp,ticker_map_name
0001115055,PINNACLE FINL PARTNERS INC,Pinnacle Financial Partners Inc,pinnacle financial partners,ticker_map_name
0001116132,TAPESTRY INC,Coach Inc,coach,ticker_map_name
0001117057,PLANET GREEN HOLDINGS CORP,American Lorain Corp,american lorain,ticker_map_name
0001117171,CBAK ENERGY TECHNOLOGY INC,China Bak Battery Inc,china bak battery,ticker_map_name
0001120193,NASDAQ INC,Nasdaq Omx Group Inc,nasdaq omx,ticker_map_name
0001120370,BROADWIND INC,Broadwind Energy Inc,broadwind energy,ticker_map_name
0001120970,COMSTOCK INC,Comstock Mining Inc,comstock mining,ticker_map_name
0001121484,OIL STATES INTL INC,Oil States International Inc,oil states international,ticker_map_name
0001121702,YIELD10 BIOSCIENCE INC,Metabolix Inc,metabolix,ticker_map_name
0001121795,GHST WORLD INC,Ghost Technology Inc,ghost technology,ticker_map_name
0001122976,AVIENT CORP,Polyone Corp,polyone,ticker_map_name
0001124105,GYRE THERAPEUTICS INC,Targacept Inc,targacept,ticker_map_name
0001125259,CARNIVAL CORP/PLC (GBR),Carnival PLC,carnival,ticker_map_name
0001126234,LUMOS PHARMA INC,Newlink Genetics Corp,newlink genetics,ticker_map_name
0001126328,PRINCIPAL FINANCIAL GRP INC,Principal Financial Group Inc,principal financial,ticker_map_name
0001126956,SPIRE INC,Laclede Group Inc,laclede,ticker_map_name
0001127371,COMMUNITY WEST BANCSHARES,Central Valley Community Bancorp,central valley community bancorp,ticker_map_name
0001128361,HOPE BANCORP INC,BBCN Bancorp Inc,bbcn bancorp,ticker_map_name
0001130144,SIERRA BANCORP/CA,Sierra Bancorp,sierra bancorp,ticker_map_name
0001130166,BIO GREEN MED SOLUTION INC,Cyclacel Pharmaceuticals Inc,cyclacel pharmaceuticals,ticker_map_name
0001130598,TRAWS PHARMA INC,Onconova Therapeutics Inc,onconova therapeutics,ticker_map_name
0001130713,BED BATH & BEYOND INC,Overstockcom Inc,overstockcom,ticker_map_name
0001133062,JANEL CORP,Janel World Trade LTD,janel world trade,ticker_map_name
0001134115,INTERNATIONAL TOWER HILL MIN,International Tower Hill Mines LTD,international tower hill mines,ticker_map_name
0001134765,CHARLIES HOLDINGS INC,True Drinks Holdings Inc,true drinks,ticker_map_name
0001136174,ONTRAK INC,Catasys Inc,catasys,ticker_map_name
0001136869,ZIMMER BIOMET HOLDINGS INC,Zimmer Holdings Inc,zimmer,ticker_map_name
0001136893,FIDELITY NATIONAL INFO SVCS,Fidelity National Information Services Inc,fidelity national information services,ticker_map_name
0001137091,POWER SOLUTIONS INTL INC,Power Solutions International Inc,power solutions international,ticker_map_name
0001137547,UNITED SECURITY BANCSHARS CA,United Security Bancshares,united security bancshares,ticker_map_name
0001138476,PACIFIC HEALTH CARE ORG INC,Pacific Health Care Organization Inc,pacific health care organization,ticker_map_name
0001140102,HIREQUEST INC,Command Center Inc,command center,ticker_map_name
0001140536,WILLIS TOWERS WATSON PLC,Willis Group Holdings PLC,willis,ticker_map_name
0001140859,CENCORA INC,Amerisourcebergen Corp,amerisourcebergen,ticker_map_name
0001141688,LANDMARK BANCORP INC/KS,Landmark Bancorp Inc,landmark bancorp,ticker_map_name
0001142417,NEXSTAR MEDIA GROUP,Nexstar Broadcasting Group Inc,nexstar broadcasting,ticker_map_name
0001144215,ACUITY INC,Acuity Brands Inc,acuity brands,ticker_map_name
0001156039,ELEVANCE HEALTH INC,Wellpoint Inc,wellpoint,ticker_map_name
0001156041,ABUNDIA GLOBAL IMPACT GRP IN,Houston American Energy Corp,houston american energy,ticker_map_name
0001157075,PHARMACYTE BIOTECH INC,Nuvilex Inc,nuvilex,ticker_map_name
0001157408,STRIDE INC,K12 Inc,k12,ticker_map_name
0001157601,MADRIGAL PHARMACEUTICALS INC,Synta Pharmaceuticals Corp,synta pharmaceuticals,ticker_map_name
0001157647,WESTERN NEW ENG BANCORP INC,Westfield Financial Inc,westfield financial,ticker_map_name
0001158324,COGENT COMMUNICATIONS HLDGS,Cogent Communications Group Inc,cogent communications,ticker_map_name
0001158780,PLURI INC,Pluristem Therapeutics Inc,pluristem therapeutics,ticker_map_name
0001160308,SAVARA INC,Mast Therapeutics Inc,mast therapeutics,ticker_map_name
0001162194,STANDARD BIOTOOLS INC,Fluidigm Corp,fluidigm,ticker_map_name
0001162896,PRAIRIE OPERATING CO,Wizard World Inc,wizard world,ticker_map_name
0001164727,NEWMONT CORP,Newmont Mining Corp,newmont mining,ticker_map_name
0001164863,ENPRO INC,Enpro Industries Inc,enpro industries,ticker_map_name
0001166003,XPO INC,Xpo Logistics Inc,xpo logistics,ticker_map_name
0001167419,RIOT PLATFORMS INC,Venaxis Inc,venaxis,ticker_map_name
0001169445,TRUBRIDGE INC,Computer Programs & Systems Inc,computer programs systems,ticker_map_name
0001172178,LIBERTY STAR URANIUM & METAL,Liberty Star Uranium & Metals Corp,liberty star uranium metals,ticker_map_name
0001173204,CINEVERSE CORP,Cinedigm Corp,cinedigm,ticker_map_name
0001173313,ABVC BIOPHARMA INC,Ecology Coatings Inc,ecology coatings,ticker_map_name
0001173514,HYSTER YALE INC,Hyster-yale Materials Handling Inc,hysteryale materials handling,ticker_map_name
0001174891,CALETHOS INC,Realsource Residential Inc,realsource residential,ticker_map_name
0001175454,CORPAY INC,Fleetcor Technologies Inc,fleetcor technologies,ticker_map_name
0001177394,TD SYNNEX CORP,Synnex Corp,synnex,ticker_map_name
0001178970,PROVIDENT FINANCIAL SVCS INC,Provident Financial Services Inc,provident financial services,ticker_map_name
0001183765,MOLECULAR TEMPLATES INC,Threshold Pharmaceuticals Inc,threshold pharmaceuticals,ticker_map_name
0001185348,PRA GROUP INC,Portfolio Recovery Associates Inc,portfolio recovery associates,ticker_map_name
0001206264,SOMNIGROUP INTERNATIONAL INC,Tempur Sealy International Inc,tempur sealy international,ticker_map_name
0001210708,STAR EQUITY HOLDINGS INC,Hudson Global Inc,hudson global,ticker_map_name
0001211583,FENNEC PHARMACEUTICALS INC,Adherex Technologies Inc,adherex technologies,ticker_map_name
0001212545,WESTERN ALLIANCE BANCORP,Western Alliance Bancorporation,western alliance bancorporation,ticker_map_name
0001213037,CARDIFF ONCOLOGY INC,Trovagene Inc,trovagene,ticker_map_name
0001218683,MAWSON INFRA GROUP INC,Ophthalix Inc,ophthalix,ticker_map_name
0001220754,MODIVCARE INC,Providence Service Corp,providence service,ticker_map_name
0001227654,COMPASS MINERALS INTL INC,Compass Minerals International Inc,compass minerals international,ticker_map_name
0001228627,OPUS GENETICS INC,Rexahn Pharmaceuticals Inc,rexahn pharmaceuticals,ticker_map_name
0001230245,PIPER SANDLER COS,Jaffray Companies Piper,jaffray companies piper,ticker_map_name
0001230524,LEOPARD ENERGY INC,Sky Power Solutions Corp,sky power solutions,ticker_map_name
0001236275,QXO INC,Silversun Technologies Inc,silversun technologies,ticker_map_name
0001253689,CRESCENT BIOPHARMA INC,Glycomimetics Inc,glycomimetics,ticker_map_name
0001259429,OXFORD SQUARE CAPITAL CORP,Ticc Capital Corp,ticc capital,ticker_map_name
0001260990,ONCTERNAL THERAPEUTICS INC,GTX Inc,gtx,ticker_map_name
0001261654,UNIVERSAL TECHNICAL INST,Universal Technical Institute Inc,universal technical institute,ticker_map_name
0001262104,LITE STRATEGY INC,Mei Pharma Inc,mei pharma,ticker_map_name
0001262823,WESTLAKE CORP,Westlake Chemical Corp,westlake chemical,ticker_map_name
0001262976,CIMPRESS PLC,Vistaprint NV,vistaprint nv,ticker_map_name
0001270436,COHEN & COMPANY INC,Institutional Financial Markets Inc,institutional financial markets,ticker_map_name
0001273685,ADAMAS TRUST INC,New York Mortgage Trust Inc,new york mortgage trust,ticker_map_name
0001276187,ENERGY TRANSFER LP,Energy Transfer Equity LP,energy transfer equity lp,ticker_map_name
0001279620,ZONED PROPERTIES INC,Vanguard Minerals Corp,vanguard minerals,ticker_map_name
0001280784,HERCULES CAPITAL INC,Hercules Technology Growth Capital Inc,hercules technology growth capital,ticker_map_name
0001282224,DOLPHIN ENTERTAINMENT INC,Dolphin Digital Media Inc,dolphin digital media,ticker_map_name
0001282648,BATTALION OIL CORP,Halcon Resources Corp,halcon resources,ticker_map_name
0001282980,DROR ORTHO-DESIGN INC,Novint Technologies Inc,novint technologies,ticker_map_name
0001284454,NONGFU SHP DG NEW RTL CO LTD,Environmental Control Corp,environmental control,ticker_map_name
0001285550,CLEARPOINT NEURO INC,Mri Interventions Inc,mri interventions,ticker_map_name
0001289945,SPOK HOLDINGS INC,USA Mobility Inc,usa mobility,ticker_map_name
0001290476,VILLAGE BANK AND TRUST FINL,Village Bank & Trust Financial Corp,village bank trust financial,ticker_map_name
0001290658,IIOT-OXYS INC,Creative Beauty Supply Of New Jersey Corp,creative beauty supply of new jersey,ticker_map_name
0001295947,PRESTIGE CONSUMER HEALTHCARE,Prestige Brands Holdings Inc,prestige brands,ticker_map_name
0001297341,KENTUCKY FIRST FEDERAL BNCRP,Kentucky First Federal Bancorp,kentucky first federal bancorp,ticker_map_name
0001299130,PACIFIC BIOSCIENCES OF CALIF,Pacific Biosciences Of California Inc,pacific biosciences of california,ticker_map_name
0001299709,AXOS FINANCIAL INC,Bofi Holding Inc,bofi,ticker_map_name
0001299969,COMSTOCK HOLDING COS INC,Comstock Holding Companies Inc,comstock holding companies,ticker_map_name
0001304421,CONSOLIDATED COMM HLDGS INC,Consolidated Communications Holdings Inc,consolidated communications,ticker_map_name
0001305253,EIGER BIOPHARMACEUTICALS INC,Celladon Corp,celladon,ticker_map_name
0001308208,UNIVERSAL LOGISTICS HLDGS,Universal Truckload Services Inc,universal truckload services,ticker_map_name
0001309082,CAMBER ENERGY INC,Lucas Energy Inc,lucas energy,ticker_map_name
0001309402,GREEN PLAINS INC,Green Plains Renewable Energy Inc,green plains renewable energy,ticker_map_name
0001310488,BIOFORCE NANOSCIENCES HLDGS,Bioforce Nanosciences Holdings Inc,bioforce nanosciences,ticker_map_name
0001310630,CHINA FOODS HOLDINGS LTD,Trafalgar Resources Inc,trafalgar resources,ticker_map_name
0001311673,YALE TRANSACTION FINDERS INC,Yacht Finders Inc,yacht finders,ticker_map_name
0001314102,EYEPOINT INC,Psivida Corp,psivida,ticker_map_name
0001314196,OLB GROUP INC (THE),Olb Group Inc,olb,ticker_map_name
0001318568,EVERI HOLDINGS INC,Global Cash Access Holdings Inc,global cash access,ticker_map_name
0001318605,TESLA INC,Tesla Motors Inc,tesla motors,ticker_map_name
0001319947,DESIGNER BRANDS INC,DSW Inc,dsw,ticker_map_name
0001321741,GLADSTONE INVESTMENT CORP/DE,Investment Corporation Gladstone,investment corporation gladstone,ticker_map_name
0001321834,Q/C TECHNOLOGIES INC,Akers Biosciences Inc,akers biosciences,ticker_map_name
0001325670,PRIMIS FINANCIAL CORP,Southern National Bancorp Of Virginia Inc,southern national bancorp of virginia,ticker_map_name
0001326190,ALTIMMUNE INC,Pharmathene Inc,pharmathene,ticker_map_name
0001326205,IGC PHARMA INC,India Globalization Capital Inc,india globalization capital,ticker_map_name
0001326801,META PLATFORMS INC,Facebook Inc,facebook,ticker_map_name
0001329606,CLEAN ENERGY TECHNOLOGIES,Probe Manufacturing Inc,probe manufacturing,ticker_map_name
0001331612,INNOVATIVE MEDTECH INC,Fresh Harvest Products Inc,fresh harvest products,ticker_map_name
0001332551,ACRES COMMERCIAL REALTY CORP,Resource Capital Corp,resource capital,ticker_map_name
0001333274,MERCER INTL INC,Mercer International Inc,mercer international,ticker_map_name
0001334978,CLEAR CHANNEL OUTDOOR HLDGS,Clear Channel Outdoor Holdings Inc,clear channel outdoor,ticker_map_name
0001335112,LOGIQ INC,Sitoa Global Inc,sitoa global,ticker_map_name
0001336047,BOARDWALK PIPELINE PRTNRS-LP,Boardwalk Pipeline Partners LP,boardwalk pipeline partners lp,ticker_map_name
0001338749,POTLATCHDELTIC CORP,Potlatch Corp,potlatch,ticker_map_name
0001338929,AUTHENTIC HOLDINGS INC,Premiere Opportunities Group Inc,premiere opportunities,ticker_map_name
0001342936,RIVULET ENTERTAINMENT INC,Advanced Voice Recognition Systems Inc,advanced voice recognition systems,ticker_map_name
0001342958,KUSTOM ENTERTAINMENT INC,Digital Ally Inc,digital ally,ticker_map_name
0001343009,CNBX PHARMACEUTICALS INC,American Mining Corp,american mining,ticker_map_name
0001346830,TVARDI THERAPEUTICS INC,Cara Therapeutics Inc,cara therapeutics,ticker_map_name
0001347652,CORENERGY INFRASTRUCTURE TR,Corenergy Infrastructure Trust Inc,corenergy infrastructure trust,ticker_map_name
0001348362,LEXARIA BIOSCIENCE CORP,Lexaria Corp,lexaria,ticker_map_name
0001350102,ASCENT SOLAR TECH INC,Ascent Solar Technologies Inc,ascent solar technologies,ticker_map_name
0001354327,PGT INNOVATIONS INC,PGT Inc,pgt,ticker_map_name
0001355096,QVC GROUP INC,Liberty Interactive Corp,liberty interactive,ticker_map_name
0001355839,INTELLIGENT PROCTN MGMT CORP,Snap Interactive Inc,snap interactive,ticker_map_name
0001355848,KARTOON STUDIOS INC,Genius Brands International Inc,genius brands international,ticker_map_name
0001356090,PRECIGEN INC,Intrexon Corp,intrexon,ticker_map_name
0001356093,CREATIVE REALITIES INC,Wireless Ronin Technologies Inc,wireless ronin technologies,ticker_map_name
0001357459,PALISADE BIO INC,Neuralstem Inc,neuralstem,ticker_map_name
0001357971,ENERGY SERVICES OF AMER CORP,Energy Services Of America Corp,energy services of america,ticker_map_name
0001358190,IT TECH PACKAGING INC,Orient Paper Inc,orient paper,ticker_map_name
0001360214,HARROW INC,Imprimis Pharmaceuticals Inc,imprimis pharmaceuticals,ticker_map_name
0001360442,DOGECOIN CASH INC,Cannabis Sativa Inc,cannabis sativa,ticker_map_name
0001360901,EVERCORE INC,Evercore Partners Inc,evercore partners,ticker_map_name
0001361658,TRAVEL PLUS LEISURE CO,Wyndham Worldwide Corp,wyndham worldwide,ticker_map_name
0001363829,ENSTAR GROUP LIMITED,Enstar Group LTD,enstar,ticker_map_name
0001364479,HERC HOLDINGS INC,Hertz Global Holdings Inc,hertz global,ticker_map_name
0001367083,SONOMA PHARMACEUTICALS INC,Oculus Innovative Sciences Inc,oculus innovative sciences,ticker_map_name
0001368365,REMARK HOLDINGS INC,Remark Media Inc,remark media,ticker_map_name
0001369568,CATALYST PHARMACEUTICALS INC,Catalyst Pharmaceutical Partners Inc,catalyst pharmaceutical partners,ticker_map_name
0001370755,BLACKROCK TCP CAPITAL,TCP Capital Corp,tcp capital,ticker_map_name
0001371128,NEWHYDROGEN INC,Biosolar Inc,biosolar,ticker_map_name
0001372020,GREAT LAKES DREDGE & DOCK CP,Great Lakes Dredge & Dock Corp,great lakes dredge dock,ticker_map_name
0001372807,BCP INVESTMENT CORP,Kcap Financial Inc,kcap financial,ticker_map_name
0001373670,GREEN BRICK PARTNERS INC,Biofuel Energy Corp,biofuel energy,ticker_map_name
0001374310,CBOE GLOBAL MARKETS INC,Cboe Holdings Inc,cboe,ticker_map_name
0001375195,CORETEC GROUP INC (THE),3dicon Corp,3dicon,ticker_map_name
0001375205,UR ENERGY INC,Ur-energy Inc,urenergy,ticker_map_name
0001375793,METALERT INC,GTX Corp,gtx,ticker_map_name
0001376321,ZW DATA ACTION TECHNOLGY INC,Chinanet Online Holdings Inc,chinanet online,ticker_map_name
0001378950,CARPARTS COM INC,US Auto Parts Network Inc,us auto parts network,ticker_map_name
0001378992,BERRY GLOBAL GROUP INC,Berry Plastics Group Inc,berry plastics,ticker_map_name
0001379785,BARINGS BDC INC,Triangle Capital Corp,triangle capital,ticker_map_name
0001381871,BOWMO INC,US Highland Inc,us highland,ticker_map_name
0001383312,BROADRIDGE FINANCIAL SOLUTNS,Broadridge Financial Solutions Inc,broadridge financial solutions,ticker_map_name
0001386570,NIAGEN BIOSCIENCE INC,Chromadex Corp,chromadex,ticker_map_name
0001387467,ALPHA AND OMEGA SEMICONDUCTO,Alpha & Omega Semiconductor LTD,alpha omega semiconductor,ticker_map_name
0001389050,ARCHROCK INC,Exterran Holdings Inc,exterran,ticker_map_name
0001390478,SELLAS LIFE SCIENCES GROUP I,Galena Biopharma Inc,galena biopharma,ticker_map_name
0001391135,LFTD PARTNERS INC,Acquired Sales Corp,acquired sales,ticker_map_name
0001392694,SURGEPAYS INC,North American Energy Resources Inc,north american energy resources,ticker_map_name
0001393612,DISCOVER FINANCIAL SVCS,Discover Financial Services,discover financial services,ticker_map_name
0001393726,TIPTREE INC,Tiptree Financial Inc,tiptree financial,ticker_map_name
0001393772,WEED INC,United Mines Inc,united mines,ticker_map_name
0001393818,BLACKSTONE INC,Blackstone Group LP,blackstone group lp,ticker_map_name
0001393883,DHI GROUP INC,Dice Holdings Inc,dice,ticker_map_name
0001394108,SUIC WORLDWIDE HOLDINGS LTD,American Jianye Greentech Holdings LTD,american jianye greentech,ticker_map_name
0001395942,OPENLANE INC,Kar Auction Services Inc,kar auction services,ticker_map_name
0001396033,LL FLOORING HOLDINGS INC,Lumber Liquidators Holdings Inc,lumber liquidators,ticker_map_name
0001396536,DUOS TECHNOLOGIES GROUP INC,Information Systems Associates Inc,information systems associates,ticker_map_name
0001396814,PACIRA BIOSCIENCES INC,Pacira Pharmaceuticals Inc,pacira pharmaceuticals,ticker_map_name
0001398805,BEAM GLOBAL,Envision Solar International Inc,envision solar international,ticker_map_name
0001398987,ANYWHERE REAL ESTATE INC,Realogy Holdings Corp,realogy,ticker_map_name
0001399306,BREWBILT BREWING CO,Grid Petroleum Corp,grid petroleum,ticker_map_name
0001399520,ONE GP HOSPITALITY (THE),Committed Capital Acquisition Corp,committed capital acquisition,ticker_map_name
0001400891,IHEARTMEDIA INC,CC Media Holdings Inc,cc media,ticker_map_name
0001401257,FORUM ENERGY TECH INC,Forum Energy Technologies Inc,forum energy technologies,ticker_map_name
0001401521,AMERICAN COASTAL INSURA CORP,United Insurance Holdings Corp,united insurance,ticker_map_name
0001402436,SS&C TECHNOLOGIES HLDGS INC,SS&C Technologies Holdings Inc,ssc technologies,ticker_map_name
0001402829,ORION GROUP HOLDINGS INC,Orion Marine Group Inc,orion marine,ticker_map_name
0001403568,ULTA BEAUTY INC,Ulta Salon Cosmetics & Fragrance Inc,ulta salon cosmetics fragrance,ticker_map_name
0001404912,KKR & CO INC,KKR & Co LP,kkr co lp,ticker_map_name
0001407623,RETAIL OPPORTUNITY INVTS CP,Retail Opportunity Investments Corp,retail opportunity investments,ticker_map_name
0001408146,SCANDIUM INTL MINING CORP,Emc Metals Corp,emc metals,ticker_map_name
0001410428,XWELL INC,Vringo Inc,vringo,ticker_map_name
0001411207,ALLISON TRANSMISSION HLDGS,Allison Transmission Holdings Inc,allison transmission,ticker_map_name
0001412126,REMSLEEP HOLDINGS INC,Kat Gold Holdings Corp,kat gold,ticker_map_name
0001413754,MARIZYME INC,GBS Enterprises Inc,gbs enterprises,ticker_map_name
0001413891,HIGH WIRE NETWORKS INC,Mantra Venture Group LTD,mantra venture,ticker_map_name
0001413898,DALLASNEWS CORP,A H Belo Corp,a h belo,ticker_map_name
0001414932,OAKTREE SPECIALTY LENDING CP,Fifth Street Finance Corp,fifth street finance,ticker_map_name
0001416697,BLUE LINE PROTECTION GROUP,Engraving Masters Inc,engraving masters,ticker_map_name
0001418076,SLR INVESTMENT CORP,Solar Capital LTD,solar capital,ticker_map_name
0001418135,KEURIG DR PEPPER INC,DR Pepper Snapple Group Inc,dr pepper snapple,ticker_map_name
0001419051,THERAPEUTIC SOLUTIONS INTL,Therapeutic Solutions International Inc,therapeutic solutions international,ticker_map_name
0001420800,ENOVIS CORP,Colfax Corp,colfax,ticker_map_name
0001421636,C-BOND SYSTEMS INC,Westmountain Alternative Energy Inc,westmountain alternative energy,ticker_map_name
0001423689,AGNC INVESTMENT CORP,American Capital Agency Corp,american capital agency,ticker_map_name
0001423902,WESTERN MIDSTRM PRTNRS LP,Western Gas Equity Partners LP,western gas equity partners lp,ticker_map_name
0001424404,WOLVERINE RESOURCES CORP,Wolverine Exploration Inc,wolverine exploration,ticker_map_name
0001424657,CUENTAS INC,Nybd Holding Inc,nybd,ticker_map_name
0001424864,RISE GOLD CORP,Patriot Minefinders Inc,patriot minefinders,ticker_map_name
0001424929,FOX FACTORY HOLDING CP,Fox Factory Holding Corp,fox factory,ticker_map_name
0001425205,IOVANCE BIOTHERAPEUTICS INC,Lion Biotechnologies Inc,lion biotechnologies,ticker_map_name
0001425287,WORKHORSE GROUP INC,Amp Holding Inc,amp,ticker_map_name
0001425355,SUI GROUP HOLDINGS LTD,Mill City Ventures III LTD,mill city ventures iii,ticker_map_name
0001426800,ASSEMBLY BIOSCIENCES INC,Ventrus Biosciences Inc,ventrus biosciences,ticker_map_name
0001427925,TALPHERA INC,Acelrx Pharmaceuticals Inc,acelrx pharmaceuticals,ticker_map_name
0001429260,FORTRESS BIOTECH INC,Coronado Biosciences Inc,coronado biosciences,ticker_map_name
0001429393,TRUTANKLESS INC,Bollente Companies Inc,bollente companies,ticker_map_name
0001429764,BLINK CHARGING CO,Car Charging Group Inc,car charging,ticker_map_name
0001430306,TONIX PHARMACEUTICALS HLDG,Tonix Pharmaceuticals Holding Corp,tonix pharmaceuticals,ticker_map_name
0001431959,META MATERIALS INC,Torchlight Energy Resources Inc,torchlight energy resources,ticker_map_name
0001433660,JBT MAREL CORP,John Bean Technologies Corp,john bean technologies,ticker_map_name
0001434524,CLEARSIGN TECHNOLOGIES CORP,Clearsign Combustion Corp,clearsign combustion,ticker_map_name
0001434621,LENDINGTREE INC,Treecom Inc,treecom,ticker_map_name
0001435508,FIRST SAVINGS FINANCIAL GP,First Savings Financial Group Inc,first savings financial,ticker_map_name
0001437107,WARNER BROS DISCOVERY INC,Discovery Communications Inc,discovery communications,ticker_map_name
0001437226,MASTECH DIGITAL INC,Mastech Holdings Inc,mastech,ticker_map_name
0001437283,REGO PAYMENT ARCHITECTES INC,Virtual Piggy Inc,virtual piggy,ticker_map_name
0001437517,CYBERLOQ TECHNOLOGIES INC,Advanced Credit Technologies Inc,advanced credit technologies,ticker_map_name
0001437578,BRIGHT HORIZONS FAMILY SOLTN,Bright Horizons Family Solutions Inc,bright horizons family solutions,ticker_map_name
0001438533,TRAVERE THERAPEUTICS INC,Retrophin Inc,retrophin,ticker_map_name
0001440799,MMEX RESOURCES CORP,Quantum Information Inc,quantum information,ticker_map_name
0001443646,BOOZ ALLEN HAMILTON HLDG CP,Booz Allen Hamilton Holding Corp,booz allen hamilton,ticker_map_name
0001443863,BIOCORRX INC,Fresh Start Private Management Inc,fresh start private management,ticker_map_name
0001445815,BIOXYTRAN INC,US Rare Earth Minerals Inc,us rare earth minerals,ticker_map_name
0001445942,TEXAS MINERAL RESOURCES CORP,Texas Rare Earth Resources Corp,texas rare earth resources,ticker_map_name
0001446159,AXE COMPUTE INC,Skyline Medical Inc,skyline medical,ticker_map_name
0001448597,AUGUSTA GOLD CORP,Bullfrog Gold Corp,bullfrog gold,ticker_map_name
0001448705,BASANITE INC,Paymeon Inc,paymeon,ticker_map_name
0001449349,VIVOS INC,Advanced Medical Isotope Corp,advanced medical isotope,ticker_map_name
0001449488,CSI COMPRESSCO LP,Compressco Partners LP,compressco partners lp,ticker_map_name
0001453593,XTANT MEDICAL HOLDINGS INC,Bacterin International Holdings Inc,bacterin international,ticker_map_name
0001454742,GOOD GAMING INC,HDS International Corp,hds international,ticker_map_name
0001456772,OFFICE PROPERTIES INCOME TR,Government Properties Income Trust,government properties income trust,ticker_map_name
0001460329,FLUENT INC,Tiger Media Inc,tiger media,ticker_map_name
0001462223,NIXXY INC,Truli Media Group Inc,truli media,ticker_map_name
0001462418,ALTISOURCE PORTFOLIO SOLTNS,Altisource Portfolio Solutions SA,altisource portfolio solutions sa,ticker_map_name
0001463208,TRANSPORTATION & LOG SYS INC,Petroterra Corp,petroterra,ticker_map_name
0001464423,PENNYMAC MORTGAGE INVEST TR,Pennymac Mortgage Investment Trust,pennymac mortgage investment trust,ticker_map_name
0001464790,BRC GROUP HOLDINGS INC,Great American Group Inc,great american,ticker_map_name
0001464865,ACCREDITED SOLUTIONS INC,Lone Star Gold Inc,lone star gold,ticker_map_name
0001466258,TRANE TECHNOLOGIES PLC,Ingersoll-rand PLC,ingersollrand,ticker_map_name
0001467760,APOLLO COMMERCIAL RE FIN INC,Apollo Commercial Real Estate Finance Inc,apollo commercial real estate finance,ticker_map_name
0001467761,FIEE INC,Zoom Telephonics Inc,zoom telephonics,ticker_map_name
0001468639,VICAPSYS LIFE SCIENCES INC,Ssgi Inc,ssgi,ticker_map_name
0001472787,FIRST AMERICAN FINANCIAL CP,First American Financial Corp,first american financial,ticker_map_name
0001473334,XMAX INC,Nova Lifestyle Inc,nova lifestyle,ticker_map_name
0001474167,COSMOS HEALTH INC,Cosmos Holdings Inc,cosmos,ticker_map_name
0001475841,NATIONAL BANK HLDGS CORP,National Bank Holdings Corp,national bank,ticker_map_name
0001476963,SCORPIUS HOLDINGS INC,Heat Biologics Inc,heat biologics,ticker_map_name
0001477009,TREES CORP,Advanced Cannabis Solutions Inc,advanced cannabis solutions,ticker_map_name
0001477294,SENSATA TECHNOLOGES HLDG PLC,Sensata Technologies Holding NV,sensata technologies holding nv,ticker_map_name
0001478242,IQVIA HOLDINGS INC,Quintiles Transnational Holdings Inc,quintiles transnational,ticker_map_name
0001481028,SUNHYDROGEN INC,Hypersolar Inc,hypersolar,ticker_map_name
0001481504,XERIANT INC,Banjo & Matilda Inc,banjo matilda,ticker_map_name
0001481792,QUAD/GRAPHICS INC,Quad,quad,ticker_map_name
0001482512,HUDSON PACIFIC PPTYS INC,Hudson Pacific Properties Inc,hudson pacific properties,ticker_map_name
0001482541,CEA INDUSTRIES INC,Surna Inc,surna,ticker_map_name
0001486159,CHORD ENERGY CORP,Oasis Petroleum Inc,oasis petroleum,ticker_map_name
0001486957,BWX TECHNOLOGIES INC,Babcock & Wilcox Co,babcock wilcox,ticker_map_name
0001488039,ATOSSA THERAPEUTICS INC,Atossa Genetics Inc,atossa genetics,ticker_map_name
0001489393,LYONDELLBASELL INDUSTRIES,Lyondellbasell Industries NV,lyondellbasell industries nv,ticker_map_name
0001490161,SOW GOOD INC,Black Ridge Oil & Gas Inc,black ridge oil gas,ticker_map_name
0001490349,PHENIXFIN CORP,Medley Capital Corp,medley capital,ticker_map_name
0001490906,CAPITOL FEDERAL FINL INC,Capitol Federal Financial Inc,capitol federal financial,ticker_map_name
0001492691,KNIGHT-SWIFT TRPTN HLDGS INC,Swift Transportation Co,swift transportation,ticker_map_name
0001493594,MACOM TECHNLGY SOL HLDGS INC,M,m,ticker_map_name
0001493761,TURTLE BEACH CORP,Parametric Sound Corp,parametric sound,ticker_map_name
0001495584,FIRSTHAND TECHNOLOGY VALU FD,Firsthand Technology Value Fund Inc,firsthand technology value fund,ticker_map_name
0001495932,EXP WORLD HOLDINGS INC,Exp Realty International Corp,exp realty international,ticker_map_name
0001496443,PAYSIGN INC,3pea International Inc,3pea international,ticker_map_name
0001496690,BLUEONE CARD INC,TBSS International Inc,tbss international,ticker_map_name
0001497253,VIVOSIM LABS INC,Organovo Holdings Inc,organovo,ticker_map_name
0001497649,GRAPHENE & SOLAR TECHNOLOGIE,Vanguard Energy Corp,vanguard energy,ticker_map_name
0001498382,TUHURA BIOSCIENCES INC,Delmar Pharmaceuticals Inc,delmar pharmaceuticals,ticker_map_name
0001498710,SPIRIT AVIATION HOLDINGS INC,Spirit Airlines Inc,spirit airlines,ticker_map_name
0001499961,BOLLINGER INNOVATIONS INC,Net Element Inc,net element,ticker_map_name
0001500198,NEUROONE MED TECHNOLOGIES CO,Original Source Entertainment Inc,original source entertainment,ticker_map_name
0001500375,HOME FEDERAL BANCORP INC/LA,Home Federal Bancorp Inc Of Louisiana,home federal bancorp inc of louisiana,ticker_map_name
0001501585,HUNTINGTON INGALLS IND INC,Huntington Ingalls Industries Inc,huntington ingalls industries,ticker_map_name
0001502557,KUN PENG INTERNATIONAL LTD,Mlight Tech Inc,mlight tech,ticker_map_name
0001504619,PENNANTPARK FLOATING RT CAP,Pennantpark Floating Rate Capital LTD,pennantpark floating rate capital,ticker_map_name
0001506492,NUWELLIS INC,Sunshine Heart Inc,sunshine heart,ticker_map_name
0001507605,MARA HOLDINGS INC,Marathon Patent Group Inc,marathon patent,ticker_map_name
0001509470,SURO CAPITAL CORP,GSV Capital Corp,gsv capital,ticker_map_name
0001509589,CIVITAS RESOURCES INC,Bonanza Creek Energy Inc,bonanza creek energy,ticker_map_name
0001509786,GUSKIN GOLD CORP,Inspired Builders Inc,inspired builders,ticker_map_name
0001510964,CV SCIENCES INC,Cannavest Corp,cannavest,ticker_map_name
0001511737,UBIQUITI INC,Ubiquiti Networks Inc,ubiquiti networks,ticker_map_name
0001512499,LINDBLAD EXPEDITIONS HLDGS,Capitol Acquisition Corp II,capitol acquisition corp ii,ticker_map_name
0001513761,NORWEGIAN CRUISE LINE HLDGS,Norwegian Cruise Line Holdings LTD,norwegian cruise line,ticker_map_name
0001514183,SILO PHARMA INC,Point Capital Inc,point capital,ticker_map_name
0001514946,AXIM BIOTECHNOLOGIES INC,Axim International Inc,axim international,ticker_map_name
0001515156,ARQ INC,Advanced Emissions Solutions Inc,advanced emissions solutions,ticker_map_name
0001517228,VISTANCE NETWORKS INC,Commscope Holding Company Inc,commscope,ticker_map_name
0001517302,ARTISAN PARTNERS ASSET MGMT,Artisan Partners Asset Management Inc,artisan partners asset management,ticker_map_name
0001517681,PROPANC BIOPHARMA INC,Propanc Health Group Corp,propanc health,ticker_map_name
0001518715,MECHANICS BANCORP,Homestreet Inc,homestreet,ticker_map_name
0001519751,FORTUNE BRANDS INNOVATNS INC,Fortune Brands Home & Security Inc,fortune brands home security,ticker_map_name
0001520048,PERMIANVILLE ROYALTY TRUST,Enduro Royalty Trust,enduro royalty trust,ticker_map_name
0001520358,MAMA'S CREATIONS INC,Mamamancinis Holdings Inc,mamamancinis,ticker_map_name
0001521332,APTIV PLC,Delphi Automotive PLC,delphi automotive,ticker_map_name
0001521951,FIRST BUSINESS FINL SRV INC,First Business Financial Services Inc,first business financial services,ticker_map_name
0001522727,USA COMPRESSION PRTNRS LP,USA Compression Partners LP,usa compression partners lp,ticker_map_name
0001524741,U S SILICA HOLDINGS INC,US Silica Holdings Inc,us silica,ticker_map_name
0001524769,CHESAPEAKE GRANITE WASH TR,Chesapeake Granite Wash Trust,chesapeake granite wash trust,ticker_map_name
0001527166,CARLYLE GROUP INC,Carlyle Group LP,carlyle group lp,ticker_map_name
0001527541,WHEELER REAL ESTATE INVT TR,Wheeler Real Estate Investment Trust Inc,wheeler real estate investment trust,ticker_map_name
0001527590,READY CAPITAL CORP,Zais Financial Corp,zais financial,ticker_map_name
0001528129,VITAL ENGY INC,Laredo Petroleum Inc,laredo petroleum,ticker_map_name
0001528849,RH,Restoration Hardware Holdings Inc,restoration hardware,ticker_map_name
0001530721,CAPRI HOLDINGS LTD,Michael Kors Holdings LTD,michael kors,ticker_map_name
0001532961,NV5 GLOBAL INC,NV5 Holdings Inc,nv5,ticker_map_name
0001533040,PHIO PHARMACEUTICALS CORP,Rxi Pharmaceuticals Corp,rxi pharmaceuticals,ticker_map_name
0001533615,CHIRON REAL ESTATE INC,Scoop Media Inc,scoop media,ticker_map_name
0001533924,AMPLIFY ENERGY CORP,Midstates Petroleum Company Inc,midstates petroleum,ticker_map_name
0001534708,BEELINE HOLDINGS INC,Eurocan Holdings LTD,eurocan,ticker_map_name
0001535929,VOYA FINANCIAL INC,Ing US Inc,ing us,ticker_map_name
0001538849,CROSSAMERICA PARTNERS LP,Lehigh Gas Partners LP,lehigh gas partners lp,ticker_map_name
0001541401,EMPIRE STATE REALTY TR INC,Empire State Realty Trust Inc,empire state realty trust,ticker_map_name
0001543418,TRILOGY METALS INC,Novacopper Inc,novacopper,ticker_map_name
0001544227,TEMPEST THERAPEUTICS INC,Ovascience Inc,ovascience,ticker_map_name
0001546296,PROFESSIONAL DIVERSITY NETWK,Professional Diversity Network Inc,professional diversity network,ticker_map_name
0001547459,NATURAL GROCERS VITAMIN CTGE,Natural Grocers By Vitamin Cottage Inc,natural grocers by vitamin cottage,ticker_map_name
0001547546,LUMENT FINANCE TRUST INC,Five Oaks Investment Corp,five oaks investment,ticker_map_name
0001549966,SILVERCREST ASSET MGT,Silvercrest Asset Management Group Inc,silvercrest asset management,ticker_map_name
0001550695,PERFORMANT HEALTHCARE INC,Performant Financial Corp,performant financial,ticker_map_name
0001552275,SUNOCO LP,Susser Petroleum Partners LP,susser petroleum partners lp,ticker_map_name
0001555074,ACCELITRON ADN MTR CNTRL INC,Altisource Asset Management Corp,altisource asset management,ticker_map_name
0001556266,BAIYU HOLDINGS INC,China Commercial Credit Inc,china commercial credit,ticker_map_name
0001556593,RITHM CAPITAL CORP,New Residential Investment Corp,new residential investment,ticker_map_name
0001556739,THRYV HOLDINGS INC,Dex Media Inc,dex media,ticker_map_name
0001557798,TIANCI INTERNATIONAL INC,Freedom Petroleum Inc,freedom petroleum,ticker_map_name
0001559053,PROTHENA CORPORATION PLC,Prothena Corp PLC,prothena corp,ticker_map_name
0001560672,ELLINGTON CREDIT CO,Ellington Residential Mortgage REIT,ellington residential mortgage reit,ticker_map_name
0001561894,HA SUSTAINABLE INFRA CAP INC,Hannon Armstrong Sustainable Infrastructure Capital Inc,hannon armstrong sustainable infrastructure capital,ticker_map_name
0001563665,HARVARD APPARATUS REGE T INC,Harvard Apparatus Regenerative Technology Inc,harvard apparatus regenerative technology,ticker_map_name
0001564618,INDEPENDENT BK GRP INC,Independent Bank Group Inc,independent bank,ticker_map_name
0001564902,UNITED PARKS & RESORTS INC,Seaworld Entertainment Inc,seaworld entertainment,ticker_map_name
0001565146,GULF COAST ULTRA DEEP RTY TR,Gulf Coast Ultra Deep Royalty Trust,gulf coast ultra deep royalty trust,ticker_map_name
0001565228,VISLINK TECHNOLOGIES INC,XG Technology Inc,xg technology,ticker_map_name
0001567683,CLEARWAY ENERGY INC,NRG Yield Inc,nrg yield,ticker_map_name
0001569187,AH REALTY TRUST INC,Armada Hoffler Properties Inc,armada hoffler properties,ticker_map_name
0001571123,SCIENCE APPLICATIONS INTL CP,Science Applications International Corp,science applications international,ticker_map_name
0001571283,REXFORD INDUS REALTY,Rexford Industrial Realty Inc,rexford industrial realty,ticker_map_name
0001571329,LOGAN RIDGE FINANCE CORP,Capitala Finance Corp,capitala finance,ticker_map_name
0001571776,CHERRY HILL MTG INVST,Cherry Hill Mortgage Investment Corp,cherry hill mortgage investment,ticker_map_name
0001571949,INTERCONTINENTAL EXCHANGE,Intercontinentalexchange Group Inc,intercontinentalexchange,ticker_map_name
0001574085,BRAEMAR HOTELS & RESORTS INC,Ashford Hospitality Prime Inc,ashford hospitality prime,ticker_map_name
0001574540,PHYSICIANS REALTY TR,Physicians Realty Trust,physicians realty trust,ticker_map_name
0001575828,EXPRO GROUP HOLDINGS N V,Franks International NV,franks international nv,ticker_map_name
0001575965,GAMING & LEISURE PPTYS,Gaming & Leisure Properties Inc,gaming leisure properties,ticker_map_name
0001576018,SIRIUSPOINT LTD,Third Point Reinsurance LTD,third point reinsurance,ticker_map_name
0001576197,STRATEGIC ENVIRONMTL& ENERGY,Strategic Environmental & Energy Resources Inc,strategic environmental energy resources,ticker_map_name
0001579684,USA TODAY CO INC,New Media Investment Group Inc,new media investment,ticker_map_name
0001581091,RE/MAX HOLDINGS INC,Re,re,ticker_map_name
0001584207,ONEMAIN HOLDINGS INC,Springleaf Holdings Inc,springleaf,ticker_map_name
0001589526,BLUE BIRD CORP,Hennessy Capital Acquisition Corp,hennessy capital acquisition,ticker_map_name
0001590714,ELEMENT SOLUTIONS INC,Platform Specialty Products Corp,platform specialty products,ticker_map_name
