row_id,sentence_id,sentence,revised_label,relevance_precondition,currentness_gate,business_claim_gate,benchmark_role
5,,XENE Acquisition On February 7, 2024, SG DevCorp closed its acquisition of Majestic World Holdings, a real estate technology firm and owner of the Xene AI Software platform XENE Platform .,Irrelevant,False,,,"fixed_as_probe_v1"
28,,AIQ also enables a series of AI-driven origination tasks and real-time risk analysis that are intended to further improve customer workflow efficiency.,Actionable,True,True,True,"fixed_as_probe_v1"
20,,Therefore, one of our top priorities is to digitize the Coca-Cola system by, among other things, creating more relevant and more personalized experiences wherever our system interacts with consumers, whether in a digital environment or through digital devices in an otherwise physical environment; finding ways to create more powerful digital tools and capabilities for the Coca Cola system's retail customers to enable them to grow their businesses; and digitizing operations through the use of data, artificial intelligence, automation, robotics and digital devices to increase efficiency and productivity.,Speculative,True,False,True,"fixed_as_probe_v1"
2,,This Infrastructure-as-a-Service (IaaS) enables use cases including backups, multi-cloud, application storage, ransomware protection, and storage for AI/ML workflows.,Actionable,True,True,True,"fixed_as_probe_v1"
19,,Our research and development of such technology remains ongoing, and we may begin to use AI in other areas in our business operations.,Speculative,True,False,True,"fixed_as_probe_v1"
24,,In 2024, we intend to focus on six key investment areas: AI, the metaverse, our discovery engine, monetization of our products and services, regulatory readiness, and enhancing developer efficiency to build, iterate, and optimize products quickly.,Speculative,True,False,False,"fixed_as_probe_v1"
6,,Here are some of the technologies that we intend successfully to implement in our mobile application (during 1-18 months): Improvement of the implemented AI technology: The app will provide Implemented AI technology that is in the process of being fully implemented, revision and will undergo continuous refinement and improvement to ensure the highest level of performance.,Speculative,True,False,True,"fixed_as_probe_v1"
10,,In the future, we directly or through our third-party provided information technology systems or software may incorporate artificial intelligence AI capabilities into our business.,Speculative,True,False,True,"fixed_as_probe_v1"
26,,We manage, identify and assess risks from cybersecurity threats by monitoring and evaluating our threat environment and risk profile using various methods including, for example: through the use of automated tools, including but not limited to tools for monitoring, geolocation, remote wiping, threat detection, intrusion detection and prevention (including through the use of machine learning, a form of artificial intelligence), patch management, distributed denial of service (DDoS) protection and forensics; conducting (directly or through third parties) regular audits and threat assessments for internal and external threats; subscribing to reports and services that identify cybersecurity threats; analyzing reports of threats and actors; conducting vulnerability assessments to identify vulnerabilities; evaluating our and our industry s risk profile; conducting tabletop incident response exercises; and evaluating threats reported to us.,Actionable,True,True,True,"fixed_as_probe_v1"
31,,Our calculations of MAP rely upon complex techniques, algorithms, and machine learning models that seek to estimate the underlying number of unique people using one or more of these products, including by matching user accounts within an individual product and across multiple products when we believe they are attributable to a single person, and counting such group of accounts as one person.,Actionable,True,True,True,"fixed_as_probe_v1"
15,,As we plan, develop, and implement changes to our delivery model to balance those services that can only be performed by humans against those that can be performed by generative AI, we may have insufficient or excess delivery personnel than required to meet customer demand.,Speculative,True,False,True,"fixed_as_probe_v1"
0,,We continue to build and integrate AI into our offerings, and this innovation presents risks and challenges that could affect its adoption, and therefore our business.,Speculative,True,False,True,"fixed_as_probe_v1"
3,,We are making investments in AI initiatives, including generative AI, to, among other things, recommend relevant unconnected content across our products, enhance our advertising tools, develop new products, and develop new features for existing products.,Speculative,True,False,True,"fixed_as_probe_v1"
12,,As we introduce or acquire new products, as our existing products evolve, or as other companies introduce new products and services, including as part of efforts to develop the metaverse or innovate through the application of new technologies such as artificial intelligence, we may become subject to additional competition.,Irrelevant,False,,,"fixed_as_probe_v1"
14,,If we are unable or slow to develop, adopt, and deploy generative AI technologies in our business, our competitiveness against our industry peers will suffer.,Irrelevant,False,,,"fixed_as_probe_v1"
25,,Further, our ability to continue to develop and effectively deploy AI technologies is dependent on access to specific third-party equipment and other physical infrastructure, such as processing hardware and network capacity, as to which we cannot control the availability or pricing, especially in a highly competitive environment.,Irrelevant,False,,,"fixed_as_probe_v1"
