manifest_id,manifest_row_id,sampling_seed,selection_reason,source_window_id,cik,year,quarter,form,filename,path,sic,ff12_code,ff12_name,industry_metadata_source
expansion_2024_batch_01,77f5d349281aa724,20260307,quarter_round_robin,active_2021_2024,1000209,2024,1,10-K,20240307_10-K_edgar_data_1000209_0000950170-24-027942.txt,2024/QTR1/20240307_10-K_edgar_data_1000209_0000950170-24-027942.txt,,12,Other,unknown
expansion_2024_batch_01,6e57157d1fcd47da,20260307,quarter_round_robin,active_2021_2024,1000623,2024,1,10-K,20240229_10-K_edgar_data_1000623_0001000623-24-000009.txt,2024/QTR1/20240229_10-K_edgar_data_1000623_0001000623-24-000009.txt,,12,Other,unknown
expansion_2024_batch_01,083dbf1b468ef35a,20260307,quarter_round_robin,active_2021_2024,1000694,2024,1,10-K,20240228_10-K_edgar_data_1000694_0001000694-24-000007.txt,2024/QTR1/20240228_10-K_edgar_data_1000694_0001000694-24-000007.txt,,12,Other,unknown
expansion_2024_batch_01,1dea3f485c933267,20260307,quarter_round_robin,active_2021_2024,1001082,2024,1,10-K,20240329_10-K_edgar_data_1001082_0001558370-24-004386.txt,2024/QTR1/20240329_10-K_edgar_data_1001082_0001558370-24-004386.txt,,12,Other,unknown
expansion_2024_batch_01,80069a25cb303586,20260307,quarter_round_robin,active_2021_2024,100122,2024,1,10-K,20240209_10-K_edgar_data_100122_0000100122-24-000002.txt,2024/QTR1/20240209_10-K_edgar_data_100122_0000100122-24-000002.txt,,12,Other,unknown
expansion_2024_batch_01,3e40ac27215cf1e6,20260307,quarter_round_robin,active_2021_2024,1001233,2024,1,10-K,20240313_10-K_edgar_data_1001233_0001628280-24-010788.txt,2024/QTR1/20240313_10-K_edgar_data_1001233_0001628280-24-010788.txt,,12,Other,unknown
expansion_2024_batch_01,5070a94760e2bc69,20260307,quarter_round_robin,active_2021_2024,1001614,2024,1,10-K,20240306_10-K_edgar_data_1001614_0001001614-24-000010.txt,2024/QTR1/20240306_10-K_edgar_data_1001614_0001001614-24-000010.txt,,12,Other,unknown
expansion_2024_batch_01,a3d9760c6d1f9190,20260307,quarter_round_robin,active_2021_2024,1001838,2024,1,10-K,20240229_10-K_edgar_data_1001838_0001558370-24-002119.txt,2024/QTR1/20240229_10-K_edgar_data_1001838_0001558370-24-002119.txt,,12,Other,unknown
expansion_2024_batch_01,5e5b018e44b68029,20260307,quarter_round_robin,active_2021_2024,1002910,2024,1,10-K,20240229_10-K_edgar_data_1002910_0001002910-24-000056.txt,2024/QTR1/20240229_10-K_edgar_data_1002910_0001002910-24-000056.txt,,12,Other,unknown
expansion_2024_batch_01,fe8bc0971d6b4c9a,20260307,quarter_round_robin,active_2021_2024,1003815,2024,1,10-K,20240322_10-K_edgar_data_1003815_0001410578-24-000276.txt,2024/QTR1/20240322_10-K_edgar_data_1003815_0001410578-24-000276.txt,,12,Other,unknown
expansion_2024_batch_01,b1863bfea3fffdaa,20260307,quarter_round_robin,active_2021_2024,1004036,2024,1,10-K,20240221_10-K_edgar_data_1004036_0000899715-24-000044.txt,2024/QTR1/20240221_10-K_edgar_data_1004036_0000899715-24-000044.txt,,12,Other,unknown
expansion_2024_batch_01,cbd2094e18ca43d0,20260307,quarter_round_robin,active_2021_2024,1004434,2024,1,10-K,20240216_10-K_edgar_data_1004434_0001004434-24-000010.txt,2024/QTR1/20240216_10-K_edgar_data_1004434_0001004434-24-000010.txt,,12,Other,unknown
expansion_2024_batch_01,7af31763273b9110,20260307,quarter_round_robin,active_2021_2024,100517,2024,1,10-K,20240229_10-K_edgar_data_100517_0000100517-24-000027.txt,2024/QTR1/20240229_10-K_edgar_data_100517_0000100517-24-000027.txt,,12,Other,unknown
expansion_2024_batch_01,905bba4e6dff169e,20260307,quarter_round_robin,active_2021_2024,1005757,2024,1,10-K,20240216_10-K_edgar_data_1005757_0000950170-24-016286.txt,2024/QTR1/20240216_10-K_edgar_data_1005757_0000950170-24-016286.txt,,12,Other,unknown
expansion_2024_batch_01,ab45d0e9148d0432,20260307,quarter_round_robin,active_2021_2024,1006837,2024,1,10-K,20240306_10-K_edgar_data_1006837_0001006837-24-000023.txt,2024/QTR1/20240306_10-K_edgar_data_1006837_0001006837-24-000023.txt,,12,Other,unknown
expansion_2024_batch_01,f0486686e226bcb6,20260307,quarter_round_robin,active_2021_2024,100790,2024,1,10-K,20240131_10-K_edgar_data_100790_0000029915-24-000003.txt,2024/QTR1/20240131_10-K_edgar_data_100790_0000029915-24-000003.txt,,12,Other,unknown
expansion_2024_batch_01,93ace9f01d50c47f,20260307,quarter_round_robin,active_2021_2024,100826,2024,1,10-K,20240229_10-K_edgar_data_100826_0001002910-24-000056.txt,2024/QTR1/20240229_10-K_edgar_data_100826_0001002910-24-000056.txt,,12,Other,unknown
expansion_2024_batch_01,d968ebd11564dea8,20260307,quarter_round_robin,active_2021_2024,1021860,2024,1,10-K,20240214_10-K_edgar_data_1021860_0000950170-24-015145.txt,2024/QTR1/20240214_10-K_edgar_data_1021860_0000950170-24-015145.txt,3533,3,Manuf,controls_by_firm_year
expansion_2024_batch_01,dd09f96c6ebb8080,20260307,quarter_round_robin,active_2021_2024,1026214,2024,1,10-K,20240214_10-K_edgar_data_1026214_0001026214-24-000025.txt,2024/QTR1/20240214_10-K_edgar_data_1026214_0001026214-24-000025.txt,6111,11,Money,controls_by_firm_year
expansion_2024_batch_01,272ac0b6b64906f2,20260307,quarter_round_robin,active_2021_2024,1038357,2024,1,10-K,20240222_10-K_edgar_data_1038357_0001038357-24-000020.txt,2024/QTR1/20240222_10-K_edgar_data_1038357_0001038357-24-000020.txt,1311,4,Enrgy,cik_gvkey
expansion_2024_batch_01,006d9db817e1b66f,20260307,quarter_round_robin,active_2021_2024,1076930,2024,1,10-K,20240228_10-K_edgar_data_1076930_0000950170-24-021689.txt,2024/QTR1/20240228_10-K_edgar_data_1076930_0000950170-24-021689.txt,3679,6,BusEq,controls_by_firm_year
expansion_2024_batch_01,5063197ca37ca97d,20260307,quarter_round_robin,active_2021_2024,1086222,2024,1,10-K,20240228_10-K_edgar_data_1086222_0001086222-24-000040.txt,2024/QTR1/20240228_10-K_edgar_data_1086222_0001086222-24-000040.txt,7370,6,BusEq,controls_by_firm_year
expansion_2024_batch_01,e11a8213d00d9b8b,20260307,quarter_round_robin,active_2021_2024,1091748,2024,1,10-K,20240319_10-K_edgar_data_1091748_0001628280-24-011791.txt,2024/QTR1/20240319_10-K_edgar_data_1091748_0001628280-24-011791.txt,6351,11,Money,cik_gvkey
expansion_2024_batch_01,fb51f78c16cadbe3,20260307,quarter_round_robin,active_2021_2024,1117480,2024,1,10-K,20240229_10-K_edgar_data_1117480_0001117480-24-000005.txt,2024/QTR1/20240229_10-K_edgar_data_1117480_0001117480-24-000005.txt,2836,10,Hlth,controls_by_firm_year
expansion_2024_batch_01,6fbadbd6701c8bac,20260307,quarter_round_robin,active_2021_2024,1177394,2024,1,10-K,20240126_10-K_edgar_data_1177394_0001177394-24-000014.txt,2024/QTR1/20240126_10-K_edgar_data_1177394_0001177394-24-000014.txt,5045,9,Shops,controls_by_firm_year
expansion_2024_batch_01,228c456969e47111,20260307,quarter_round_robin,active_2021_2024,1352010,2024,1,10-K,20240222_10-K_edgar_data_1352010_0001352010-24-000008.txt,2024/QTR1/20240222_10-K_edgar_data_1352010_0001352010-24-000008.txt,7370,6,BusEq,controls_by_firm_year
expansion_2024_batch_01,d730033c6a7aa104,20260307,quarter_round_robin,active_2021_2024,1393311,2024,1,10-K,20240220_10-K_edgar_data_1393311_0001393311-24-000043.txt,2024/QTR1/20240220_10-K_edgar_data_1393311_0001393311-24-000043.txt,6798,11,Money,controls_by_firm_year
expansion_2024_batch_01,382dcd15a5defeb4,20260307,quarter_round_robin,active_2021_2024,1438533,2024,1,10-K,20240220_10-K_edgar_data_1438533_0001438533-24-000005.txt,2024/QTR1/20240220_10-K_edgar_data_1438533_0001438533-24-000005.txt,2836,10,Hlth,controls_by_firm_year
expansion_2024_batch_01,a9ecd96bb3182d56,20260307,quarter_round_robin,active_2021_2024,1564618,2024,1,10-K,20240220_10-K_edgar_data_1564618_0001564618-24-000025.txt,2024/QTR1/20240220_10-K_edgar_data_1564618_0001564618-24-000025.txt,6020,11,Money,cik_gvkey
expansion_2024_batch_01,3fe8b78b681894a1,20260307,quarter_round_robin,active_2021_2024,1571949,2024,1,10-K,20240208_10-K_edgar_data_1571949_0001571949-24-000007.txt,2024/QTR1/20240208_10-K_edgar_data_1571949_0001571949-24-000007.txt,6200,11,Money,controls_by_firm_year
expansion_2024_batch_01,d9a427514ff6ec20,20260307,quarter_round_robin,active_2021_2024,21344,2024,1,10-K,20240220_10-K_edgar_data_21344_0000021344-24-000009.txt,2024/QTR1/20240220_10-K_edgar_data_21344_0000021344-24-000009.txt,2086,1,NoDur,controls_by_firm_year
expansion_2024_batch_01,29507291114a0174,20260307,quarter_round_robin,active_2021_2024,316709,2024,1,10-K,20240223_10-K_edgar_data_316709_0000316709-24-000018.txt,2024/QTR1/20240223_10-K_edgar_data_316709_0000316709-24-000018.txt,6282,11,Money,controls_by_firm_year
expansion_2024_batch_01,e2efe1d637b772d8,20260307,quarter_round_robin,active_2021_2024,885639,2024,1,10-K,20240321_10-K_edgar_data_885639_0000950170-24-034691.txt,2024/QTR1/20240321_10-K_edgar_data_885639_0000950170-24-034691.txt,5311,9,Shops,controls_by_firm_year
expansion_2024_batch_01,b5730995b183d709,20260307,quarter_round_robin,active_2021_2024,933136,2024,1,10-K,20240228_10-K_edgar_data_933136_0000933136-24-000017.txt,2024/QTR1/20240228_10-K_edgar_data_933136_0000933136-24-000017.txt,6162,11,Money,controls_by_firm_year
expansion_2024_batch_01,a08479be25e3005a,20260307,quarter_round_robin,active_2021_2024,1002047,2024,2,10-K,20240610_10-K_edgar_data_1002047_0000950170-24-071327.txt,2024/QTR2/20240610_10-K_edgar_data_1002047_0000950170-24-071327.txt,,12,Other,unknown
expansion_2024_batch_01,2dc8a7f7b994d581,20260307,quarter_round_robin,active_2021_2024,100591,2024,2,10-K,20240411_10-K_edgar_data_100591_0001558370-24-004979.txt,2024/QTR2/20240411_10-K_edgar_data_100591_0001558370-24-004979.txt,,12,Other,unknown
expansion_2024_batch_01,dc23dd23cb6ee7b9,20260307,quarter_round_robin,active_2021_2024,1015383,2024,2,10-K,20240613_10-K_edgar_data_1015383_0001493152-24-023731.txt,2024/QTR2/20240613_10-K_edgar_data_1015383_0001493152-24-023731.txt,,12,Other,unknown
expansion_2024_batch_01,5068ae3886dcc738,20260307,quarter_round_robin,active_2021_2024,1018840,2024,2,10-K,20240401_10-K_edgar_data_1018840_0001018840-24-000019.txt,2024/QTR2/20240401_10-K_edgar_data_1018840_0001018840-24-000019.txt,,12,Other,unknown
expansion_2024_batch_01,166a5f9d98c3f432,20260307,quarter_round_robin,active_2021_2024,1022408,2024,2,10-K,20240523_10-K_edgar_data_1022408_0001140361-24-027200.txt,2024/QTR2/20240523_10-K_edgar_data_1022408_0001140361-24-027200.txt,,12,Other,unknown
expansion_2024_batch_01,c64e0e90ee1295f0,20260307,quarter_round_robin,active_2021_2024,1023731,2024,2,10-K,20240521_10-K_edgar_data_1023731_0001023731-24-000042.txt,2024/QTR2/20240521_10-K_edgar_data_1023731_0001023731-24-000042.txt,,12,Other,unknown
expansion_2024_batch_01,6a59fd591efe0a15,20260307,quarter_round_robin,active_2021_2024,1023994,2024,2,10-K,20240507_10-K_edgar_data_1023994_0001213900-24-040541.txt,2024/QTR2/20240507_10-K_edgar_data_1023994_0001213900-24-040541.txt,3440,3,Manuf,controls_by_firm_year
expansion_2024_batch_01,2ef5ef3ef7cbaf8e,20260307,quarter_round_robin,active_2021_2024,1032975,2024,2,10-K,20240516_10-K_edgar_data_1032975_0001032975-24-000023.txt,2024/QTR2/20240516_10-K_edgar_data_1032975_0001032975-24-000023.txt,,12,Other,unknown
expansion_2024_batch_01,6466da2829694d63,20260307,quarter_round_robin,active_2021_2024,103379,2024,2,10-K,20240523_10-K_edgar_data_103379_0000103379-24-000008.txt,2024/QTR2/20240523_10-K_edgar_data_103379_0000103379-24-000008.txt,,12,Other,unknown
expansion_2024_batch_01,2eb3816a235c5a9c,20260307,quarter_round_robin,active_2021_2024,1037038,2024,2,10-K,20240523_10-K_edgar_data_1037038_0001037038-24-000014.txt,2024/QTR2/20240523_10-K_edgar_data_1037038_0001037038-24-000014.txt,,12,Other,unknown
expansion_2024_batch_01,a72bb1985ba93e95,20260307,quarter_round_robin,active_2021_2024,1040130,2024,2,10-K,20240614_10-K_edgar_data_1040130_0001040130-24-000046.txt,2024/QTR2/20240614_10-K_edgar_data_1040130_0001040130-24-000046.txt,,12,Other,unknown
expansion_2024_batch_01,ad61b7444750adb8,20260307,quarter_round_robin,active_2021_2024,1040896,2024,2,10-K,20240401_10-K_edgar_data_1040896_0001628280-24-013949.txt,2024/QTR2/20240401_10-K_edgar_data_1040896_0001628280-24-013949.txt,,12,Other,unknown
expansion_2024_batch_01,658098c52bf3b869,20260307,quarter_round_robin,active_2021_2024,1041657,2024,2,10-K,20240607_10-K_edgar_data_1041657_0001558370-24-009018.txt,2024/QTR2/20240607_10-K_edgar_data_1041657_0001558370-24-009018.txt,,12,Other,unknown
expansion_2024_batch_01,2706a3a126c6e71d,20260307,quarter_round_robin,active_2021_2024,1049011,2024,2,10-K,20240418_10-K_edgar_data_1049011_0001493152-24-015154.txt,2024/QTR2/20240418_10-K_edgar_data_1049011_0001493152-24-015154.txt,,12,Other,unknown
expansion_2024_batch_01,17e0fd89382ff1b9,20260307,quarter_round_robin,active_2021_2024,1051343,2024,2,10-K,20240408_10-K_edgar_data_1051343_0001140361-24-018439.txt,2024/QTR2/20240408_10-K_edgar_data_1051343_0001140361-24-018439.txt,,12,Other,unknown
expansion_2024_batch_01,b79d8e3989620a01,20260307,quarter_round_robin,active_2021_2024,1064722,2024,2,10-K,20240417_10-K_edgar_data_1064722_0001493152-24-015016.txt,2024/QTR2/20240417_10-K_edgar_data_1064722_0001493152-24-015016.txt,,12,Other,unknown
expansion_2024_batch_01,ad7e744899e07ab0,20260307,quarter_round_robin,active_2021_2024,1066764,2024,2,10-K,20240401_10-K_edgar_data_1066764_0001493152-24-012444.txt,2024/QTR2/20240401_10-K_edgar_data_1066764_0001493152-24-012444.txt,,12,Other,unknown
expansion_2024_batch_01,43d64d39c06052b8,20260307,quarter_round_robin,active_2021_2024,1068689,2024,2,10-K,20240417_10-K_edgar_data_1068689_0001493152-24-014964.txt,2024/QTR2/20240417_10-K_edgar_data_1068689_0001493152-24-014964.txt,,12,Other,unknown
expansion_2024_batch_01,aa339a856eb04f53,20260307,quarter_round_robin,active_2021_2024,1070235,2024,2,10-K,20240404_10-K_edgar_data_1070235_0001070235-24-000057.txt,2024/QTR2/20240404_10-K_edgar_data_1070235_0001070235-24-000057.txt,,12,Other,unknown
expansion_2024_batch_01,000317ca9f5a6341,20260307,quarter_round_robin,active_2021_2024,107140,2024,2,10-K,20240626_10-K_edgar_data_107140_0000107140-24-000114.txt,2024/QTR2/20240626_10-K_edgar_data_107140_0000107140-24-000114.txt,,12,Other,unknown
expansion_2024_batch_01,bdae15297951b540,20260307,quarter_round_robin,active_2021_2024,1078075,2024,2,10-K,20240516_10-K_edgar_data_1078075_0001628280-24-023777.txt,2024/QTR2/20240516_10-K_edgar_data_1078075_0001628280-24-023777.txt,,12,Other,unknown
expansion_2024_batch_01,af400c8453a3d2b2,20260307,quarter_round_robin,active_2021_2024,1083220,2024,2,10-K,20240419_10-K_edgar_data_1083220_0001558370-24-005326.txt,2024/QTR2/20240419_10-K_edgar_data_1083220_0001558370-24-005326.txt,,12,Other,unknown
expansion_2024_batch_01,406a208813fe58c0,20260307,quarter_round_robin,active_2021_2024,1084267,2024,2,10-K,20240408_10-K_edgar_data_1084267_0001683168-24-002214.txt,2024/QTR2/20240408_10-K_edgar_data_1084267_0001683168-24-002214.txt,7310,12,Other,controls_by_firm_year
expansion_2024_batch_01,96ae4f0bfe559804,20260307,quarter_round_robin,active_2021_2024,1084475,2024,2,10-K,20240417_10-K_edgar_data_1084475_0001493152-24-015039.txt,2024/QTR2/20240417_10-K_edgar_data_1084475_0001493152-24-015039.txt,,12,Other,unknown
expansion_2024_batch_01,4fc4e588e57c157c,20260307,quarter_round_robin,active_2021_2024,1138476,2024,2,10-K,20240416_10-K_edgar_data_1138476_0001185185-24-000392.txt,2024/QTR2/20240416_10-K_edgar_data_1138476_0001185185-24-000392.txt,8090,10,Hlth,controls_by_firm_year
expansion_2024_batch_01,bbd5dd87aba3f970,20260307,quarter_round_robin,active_2021_2024,1001250,2024,3,10-K,20240819_10-K_edgar_data_1001250_0001001250-24-000116.txt,2024/QTR3/20240819_10-K_edgar_data_1001250_0001001250-24-000116.txt,,12,Other,unknown
expansion_2024_batch_01,11d89b8794e8ebe3,20260307,quarter_round_robin,active_2021_2024,1001907,2024,3,10-K,20240920_10-K_edgar_data_1001907_0001437749-24-029650.txt,2024/QTR3/20240920_10-K_edgar_data_1001907_0001437749-24-029650.txt,,12,Other,unknown
expansion_2024_batch_01,41b301064637ced8,20260307,quarter_round_robin,active_2021_2024,1002638,2024,3,10-K,20240801_10-K_edgar_data_1002638_0001002638-24-000052.txt,2024/QTR3/20240801_10-K_edgar_data_1002638_0001002638-24-000052.txt,,12,Other,unknown
expansion_2024_batch_01,df6daded0e82f265,20260307,quarter_round_robin,active_2021_2024,1009759,2024,3,10-K,20240927_10-K_edgar_data_1009759_0001558370-24-013052.txt,2024/QTR3/20240927_10-K_edgar_data_1009759_0001558370-24-013052.txt,,12,Other,unknown
expansion_2024_batch_01,c080ae3d6ad7795f,20260307,quarter_round_robin,active_2021_2024,1024305,2024,3,10-K,20240820_10-K_edgar_data_1024305_0001024305-24-000035.txt,2024/QTR3/20240820_10-K_edgar_data_1024305_0001024305-24-000035.txt,,12,Other,unknown
expansion_2024_batch_01,4cb33bd5768a935b,20260307,quarter_round_robin,active_2021_2024,1039280,2024,3,10-K,20240930_10-K_edgar_data_1039280_0001493152-24-038751.txt,2024/QTR3/20240930_10-K_edgar_data_1039280_0001493152-24-038751.txt,,12,Other,unknown
expansion_2024_batch_01,2cb8931588b5feab,20260307,quarter_round_robin,active_2021_2024,1040470,2024,3,10-K,20240730_10-K_edgar_data_1040470_0001654954-24-009642.txt,2024/QTR3/20240730_10-K_edgar_data_1040470_0001654954-24-009642.txt,,12,Other,unknown
expansion_2024_batch_01,ad959cba0265810d,20260307,quarter_round_robin,active_2021_2024,1048911,2024,3,10-K,20240715_10-K_edgar_data_1048911_0000950170-24-083577.txt,2024/QTR3/20240715_10-K_edgar_data_1048911_0000950170-24-083577.txt,,12,Other,unknown
expansion_2024_batch_01,3ab29f9e2c660518,20260307,quarter_round_robin,active_2021_2024,1049521,2024,3,10-K,20240813_10-K_edgar_data_1049521_0001049521-24-000029.txt,2024/QTR3/20240813_10-K_edgar_data_1049521_0001049521-24-000029.txt,,12,Other,unknown
expansion_2024_batch_01,27e674adea2ce2b5,20260307,quarter_round_robin,active_2021_2024,1053369,2024,3,10-K,20240701_10-K_edgar_data_1053369_0001493152-24-025829.txt,2024/QTR3/20240701_10-K_edgar_data_1053369_0001493152-24-025829.txt,,12,Other,unknown
expansion_2024_batch_01,6b6ee2001eb1483e,20260307,quarter_round_robin,active_2021_2024,106040,2024,3,10-K,20240820_10-K_edgar_data_106040_0000106040-24-000031.txt,2024/QTR3/20240820_10-K_edgar_data_106040_0000106040-24-000031.txt,,12,Other,unknown
expansion_2024_batch_01,dcb95954d70206c9,20260307,quarter_round_robin,active_2021_2024,1066194,2024,3,10-K,20240912_10-K_edgar_data_1066194_0001558370-24-012767.txt,2024/QTR3/20240912_10-K_edgar_data_1066194_0001558370-24-012767.txt,,12,Other,unknown
expansion_2024_batch_01,87692dc28fbc159b,20260307,quarter_round_robin,active_2021_2024,1067294,2024,3,10-K,20240927_10-K_edgar_data_1067294_0001558370-24-013061.txt,2024/QTR3/20240927_10-K_edgar_data_1067294_0001558370-24-013061.txt,,12,Other,unknown
expansion_2024_batch_01,5e43fae890b73208,20260307,quarter_round_robin,active_2021_2024,1078271,2024,3,10-K,20240816_10-K_edgar_data_1078271_0000950170-24-098129.txt,2024/QTR3/20240816_10-K_edgar_data_1078271_0000950170-24-098129.txt,,12,Other,unknown
expansion_2024_batch_01,5653bdfb2e7441fb,20260307,quarter_round_robin,active_2021_2024,1084765,2024,3,10-K,20240722_10-K_edgar_data_1084765_0001084765-24-000089.txt,2024/QTR3/20240722_10-K_edgar_data_1084765_0001084765-24-000089.txt,,12,Other,unknown
expansion_2024_batch_01,5627328b8a373a9e,20260307,quarter_round_robin,active_2021_2024,1084869,2024,3,10-K,20240906_10-K_edgar_data_1084869_0001437749-24-028591.txt,2024/QTR3/20240906_10-K_edgar_data_1084869_0001437749-24-028591.txt,,12,Other,unknown
expansion_2024_batch_01,ed3266b06d3fd7d5,20260307,quarter_round_robin,active_2021_2024,1088413,2024,3,10-K,20240913_10-K_edgar_data_1088413_0001437749-24-029155.txt,2024/QTR3/20240913_10-K_edgar_data_1088413_0001437749-24-029155.txt,,12,Other,unknown
expansion_2024_batch_01,9ba022144c53556a,20260307,quarter_round_robin,active_2021_2024,109563,2024,3,10-K,20240816_10-K_edgar_data_109563_0000109563-24-000078.txt,2024/QTR3/20240816_10-K_edgar_data_109563_0000109563-24-000078.txt,,12,Other,unknown
expansion_2024_batch_01,287f5f5f50c484e0,20260307,quarter_round_robin,active_2021_2024,1101680,2024,3,10-K,20240813_10-K_edgar_data_1101680_0000950170-24-096409.txt,2024/QTR3/20240813_10-K_edgar_data_1101680_0000950170-24-096409.txt,,12,Other,unknown
expansion_2024_batch_01,359f1306113a700b,20260307,quarter_round_robin,active_2021_2024,110621,2024,3,10-K,20240725_10-K_edgar_data_110621_0000950170-24-086386.txt,2024/QTR3/20240725_10-K_edgar_data_110621_0000950170-24-086386.txt,,12,Other,unknown
expansion_2024_batch_01,e26d10cebc02ef3e,20260307,quarter_round_robin,active_2021_2024,1114925,2024,3,10-K,20240909_10-K_edgar_data_1114925_0001683168-24-006264.txt,2024/QTR3/20240909_10-K_edgar_data_1114925_0001683168-24-006264.txt,,12,Other,unknown
expansion_2024_batch_01,84813e7cafbd4b6f,20260307,quarter_round_robin,active_2021_2024,1116132,2024,3,10-K,20240815_10-K_edgar_data_1116132_0001116132-24-000018.txt,2024/QTR3/20240815_10-K_edgar_data_1116132_0001116132-24-000018.txt,,12,Other,unknown
expansion_2024_batch_01,659c263f3f767977,20260307,quarter_round_robin,active_2021_2024,1117297,2024,3,10-K,20240821_10-K_edgar_data_1117297_0000950170-24-099495.txt,2024/QTR3/20240821_10-K_edgar_data_1117297_0000950170-24-099495.txt,,12,Other,unknown
expansion_2024_batch_01,383d76507c67d404,20260307,quarter_round_robin,active_2021_2024,1137789,2024,3,10-K,20240802_10-K_edgar_data_1137789_0001137789-24-000068.txt,2024/QTR3/20240802_10-K_edgar_data_1137789_0001137789-24-000068.txt,,12,Other,unknown
expansion_2024_batch_01,99cdbd604d571103,20260307,quarter_round_robin,active_2021_2024,1138723,2024,3,10-K,20240919_10-K_edgar_data_1138723_0000950170-24-108118.txt,2024/QTR3/20240919_10-K_edgar_data_1138723_0000950170-24-108118.txt,,12,Other,unknown
expansion_2024_batch_01,c451546e2c12f4e0,20260307,quarter_round_robin,active_2021_2024,1144879,2024,3,10-K,20240830_10-K_edgar_data_1144879_0001144879-24-000216.txt,2024/QTR3/20240830_10-K_edgar_data_1144879_0001144879-24-000216.txt,,12,Other,unknown
expansion_2024_batch_01,e822964689e7aba3,20260307,quarter_round_robin,active_2021_2024,1157408,2024,3,10-K,20240807_10-K_edgar_data_1157408_0001558370-24-011134.txt,2024/QTR3/20240807_10-K_edgar_data_1157408_0001558370-24-011134.txt,,12,Other,unknown
expansion_2024_batch_01,7a7cf0ae17295e49,20260307,quarter_round_robin,active_2021_2024,1158780,2024,3,10-K,20240918_10-K_edgar_data_1158780_0001213900-24-079861.txt,2024/QTR3/20240918_10-K_edgar_data_1158780_0001213900-24-079861.txt,,12,Other,unknown
expansion_2024_batch_01,8983e8d3e8d966b5,20260307,quarter_round_robin,active_2021_2024,1165320,2024,3,10-K,20240830_10-K_edgar_data_1165320_0001437749-24-028160.txt,2024/QTR3/20240830_10-K_edgar_data_1165320_0001437749-24-028160.txt,,12,Other,unknown
expansion_2024_batch_01,e8f951e7dac5b47f,20260307,quarter_round_robin,active_2021_2024,1173204,2024,3,10-K,20240701_10-K_edgar_data_1173204_0000950170-24-079718.txt,2024/QTR3/20240701_10-K_edgar_data_1173204_0000950170-24-079718.txt,,12,Other,unknown
expansion_2024_batch_01,ccf90db5efca5461,20260307,quarter_round_robin,active_2021_2024,1175680,2024,3,10-K,20240815_10-K_edgar_data_1175680_0001558370-24-012328.txt,2024/QTR3/20240815_10-K_edgar_data_1175680_0001558370-24-012328.txt,,12,Other,unknown
expansion_2024_batch_01,70a1a7c6a5b97177,20260307,quarter_round_robin,active_2021_2024,1262976,2024,3,10-K,20240809_10-K_edgar_data_1262976_0001262976-24-000064.txt,2024/QTR3/20240809_10-K_edgar_data_1262976_0001262976-24-000064.txt,,12,Other,unknown
expansion_2024_batch_01,8c56b1a7f545f1c3,20260307,quarter_round_robin,active_2021_2024,12659,2024,3,10-K,20240815_10-K_edgar_data_12659_0001838862-24-000030.txt,2024/QTR3/20240815_10-K_edgar_data_12659_0001838862-24-000030.txt,,12,Other,unknown
expansion_2024_batch_01,58b4bede53590035,20260307,quarter_round_robin,active_2021_2024,1275187,2024,3,10-K,20240725_10-K_edgar_data_1275187_0001628280-24-032989.txt,2024/QTR3/20240725_10-K_edgar_data_1275187_0001628280-24-032989.txt,,12,Other,unknown
expansion_2024_batch_01,0199af3c09524041,20260307,quarter_round_robin,active_2021_2024,1290658,2024,3,10-K,20240703_10-K_edgar_data_1290658_0001683168-24-004655.txt,2024/QTR3/20240703_10-K_edgar_data_1290658_0001683168-24-004655.txt,,12,Other,unknown
expansion_2024_batch_01,97a179bc5046103c,20260307,quarter_round_robin,active_2021_2024,1299709,2024,3,10-K,20240822_10-K_edgar_data_1299709_0001299709-24-000113.txt,2024/QTR3/20240822_10-K_edgar_data_1299709_0001299709-24-000113.txt,,12,Other,unknown
expansion_2024_batch_01,79feb9dee5013674,20260307,quarter_round_robin,active_2021_2024,1003078,2024,4,10-K,20241024_10-K_edgar_data_1003078_0001003078-24-000107.txt,2024/QTR4/20241024_10-K_edgar_data_1003078_0001003078-24-000107.txt,,12,Other,unknown
expansion_2024_batch_01,70ecadbbcec37724,20260307,quarter_round_robin,active_2021_2024,100493,2024,4,10-K,20241112_10-K_edgar_data_100493_0000100493-24-000119.txt,2024/QTR4/20241112_10-K_edgar_data_100493_0000100493-24-000119.txt,,12,Other,unknown
expansion_2024_batch_01,21edd213b8797014,20260307,quarter_round_robin,active_2021_2024,1005210,2024,4,10-K,20241127_10-K_edgar_data_1005210_0000950170-24-131309.txt,2024/QTR4/20241127_10-K_edgar_data_1005210_0000950170-24-131309.txt,,12,Other,unknown
expansion_2024_batch_01,e8ed457ae8a81e9f,20260307,quarter_round_robin,active_2021_2024,1005731,2024,4,10-K,20241015_10-K_edgar_data_1005731_0001493152-24-041147.txt,2024/QTR4/20241015_10-K_edgar_data_1005731_0001493152-24-041147.txt,,12,Other,unknown
expansion_2024_batch_01,525fd78013daac1a,20260307,quarter_round_robin,active_2021_2024,1013237,2024,4,10-K,20241029_10-K_edgar_data_1013237_0001013237-24-000141.txt,2024/QTR4/20241029_10-K_edgar_data_1013237_0001013237-24-000141.txt,,12,Other,unknown
expansion_2024_batch_01,67eafbaf7652f1da,20260307,quarter_round_robin,active_2021_2024,1022505,2024,4,10-K,20241213_10-K_edgar_data_1022505_0001493152-24-049837.txt,2024/QTR4/20241213_10-K_edgar_data_1022505_0001493152-24-049837.txt,,12,Other,unknown
expansion_2024_batch_01,ec42c5e939d83814,20260307,quarter_round_robin,active_2021_2024,1023459,2024,4,10-K,20241030_10-K_edgar_data_1023459_0001023459-24-000136.txt,2024/QTR4/20241030_10-K_edgar_data_1023459_0001023459-24-000136.txt,,12,Other,unknown
expansion_2024_batch_01,7ca1af2c4e6757d6,20260307,quarter_round_robin,active_2021_2024,1024478,2024,4,10-K,20241112_10-K_edgar_data_1024478_0001024478-24-000107.txt,2024/QTR4/20241112_10-K_edgar_data_1024478_0001024478-24-000107.txt,,12,Other,unknown
expansion_2024_batch_01,ef01ff1a390ef2f8,20260307,quarter_round_robin,active_2021_2024,1032220,2024,4,10-K,20241121_10-K_edgar_data_1032220_0001032220-24-000094.txt,2024/QTR4/20241121_10-K_edgar_data_1032220_0001032220-24-000094.txt,,12,Other,unknown
expansion_2024_batch_01,5fd81afb7d553db9,20260307,quarter_round_robin,active_2021_2024,1041803,2024,4,10-K,20241030_10-K_edgar_data_1041803_0001041803-24-000044.txt,2024/QTR4/20241030_10-K_edgar_data_1041803_0001041803-24-000044.txt,,12,Other,unknown
expansion_2024_batch_01,3c193e9350e4f9e8,20260307,quarter_round_robin,active_2021_2024,1048695,2024,4,10-K,20241118_10-K_edgar_data_1048695_0001048695-24-000185.txt,2024/QTR4/20241118_10-K_edgar_data_1048695_0001048695-24-000185.txt,,12,Other,unknown
expansion_2024_batch_01,812ca0c45a0b7e04,20260307,quarter_round_robin,active_2021_2024,1069533,2024,4,10-K,20241205_10-K_edgar_data_1069533_0001437749-24-036744.txt,2024/QTR4/20241205_10-K_edgar_data_1069533_0001437749-24-036744.txt,,12,Other,unknown
expansion_2024_batch_01,bf8f8e75292d828e,20260307,quarter_round_robin,active_2021_2024,1071840,2024,4,10-K,20241120_10-K_edgar_data_1071840_0001171843-24-006491.txt,2024/QTR4/20241120_10-K_edgar_data_1071840_0001171843-24-006491.txt,,12,Other,unknown
expansion_2024_batch_01,897d58d5ef13d98b,20260307,quarter_round_robin,active_2021_2024,1074828,2024,4,10-K,20241114_10-K_edgar_data_1074828_0001654954-24-014480.txt,2024/QTR4/20241114_10-K_edgar_data_1074828_0001654954-24-014480.txt,,12,Other,unknown
expansion_2024_batch_01,6eac27e211d60af1,20260307,quarter_round_robin,active_2021_2024,10795,2024,4,10-K,20241127_10-K_edgar_data_10795_0000010795-24-000084.txt,2024/QTR4/20241127_10-K_edgar_data_10795_0000010795-24-000084.txt,,12,Other,unknown
expansion_2024_batch_01,9c9e34119cb52be4,20260307,quarter_round_robin,active_2021_2024,1090872,2024,4,10-K,20241220_10-K_edgar_data_1090872_0001090872-24-000049.txt,2024/QTR4/20241220_10-K_edgar_data_1090872_0001090872-24-000049.txt,,12,Other,unknown
expansion_2024_batch_01,9857cccac4a8c445,20260307,quarter_round_robin,active_2021_2024,1121795,2024,4,10-K,20241011_10-K_edgar_data_1121795_0001079973-24-001394.txt,2024/QTR4/20241011_10-K_edgar_data_1121795_0001079973-24-001394.txt,,12,Other,unknown
expansion_2024_batch_01,ee2422226f47d583,20260307,quarter_round_robin,active_2021_2024,1126956,2024,4,10-K,20241120_10-K_edgar_data_1126956_0001437749-24-035823.txt,2024/QTR4/20241120_10-K_edgar_data_1126956_0001437749-24-035823.txt,,12,Other,unknown
expansion_2024_batch_01,d6aa0b61a6ca4c56,20260307,quarter_round_robin,active_2021_2024,1127475,2024,4,10-K,20241129_10-K_edgar_data_1127475_0001185185-24-001176.txt,2024/QTR4/20241129_10-K_edgar_data_1127475_0001185185-24-001176.txt,,12,Other,unknown
expansion_2024_batch_01,3a55dd8eb511c4d2,20260307,quarter_round_robin,active_2021_2024,1140859,2024,4,10-K,20241126_10-K_edgar_data_1140859_0001140859-24-000177.txt,2024/QTR4/20241126_10-K_edgar_data_1140859_0001140859-24-000177.txt,,12,Other,unknown
expansion_2024_batch_01,a52fbaeb02f79b4b,20260307,quarter_round_robin,active_2021_2024,1144215,2024,4,10-K,20241028_10-K_edgar_data_1144215_0001144215-24-000085.txt,2024/QTR4/20241028_10-K_edgar_data_1144215_0001144215-24-000085.txt,,12,Other,unknown
expansion_2024_batch_01,709f16d5955d5c4e,20260307,quarter_round_robin,active_2021_2024,1145255,2024,4,10-K,20241211_10-K_edgar_data_1145255_0001437749-24-037244.txt,2024/QTR4/20241211_10-K_edgar_data_1145255_0001437749-24-037244.txt,,12,Other,unknown
expansion_2024_batch_01,1472c36ecc4498d2,20260307,quarter_round_robin,active_2021_2024,1235468,2024,4,10-K,20241212_10-K_edgar_data_1235468_0000950170-24-135700.txt,2024/QTR4/20241212_10-K_edgar_data_1235468_0000950170-24-135700.txt,,12,Other,unknown
expansion_2024_batch_01,727cba161853ce29,20260307,quarter_round_robin,active_2021_2024,1260221,2024,4,10-K,20241107_10-K_edgar_data_1260221_0001260221-24-000083.txt,2024/QTR4/20241107_10-K_edgar_data_1260221_0001260221-24-000083.txt,,12,Other,unknown
expansion_2024_batch_01,773ab81401919992,20260307,quarter_round_robin,active_2021_2024,1281845,2024,4,10-K,20241017_10-K_edgar_data_1281845_0001493152-24-041450.txt,2024/QTR4/20241017_10-K_edgar_data_1281845_0001493152-24-041450.txt,,12,Other,unknown
expansion_2024_batch_01,d477ca0323a29419,20260307,quarter_round_robin,active_2021_2024,1308547,2024,4,10-K,20241119_10-K_edgar_data_1308547_0001628280-24-048519.txt,2024/QTR4/20241119_10-K_edgar_data_1308547_0001628280-24-048519.txt,,12,Other,unknown
expansion_2024_batch_01,c36b1b1a6c48de2f,20260307,quarter_round_robin,active_2021_2024,1314052,2024,4,10-K,20241223_10-K_edgar_data_1314052_0001731122-24-002041.txt,2024/QTR4/20241223_10-K_edgar_data_1314052_0001731122-24-002041.txt,,12,Other,unknown
expansion_2024_batch_01,613c3bd4181f725c,20260307,quarter_round_robin,active_2021_2024,1314727,2024,4,10-K,20241115_10-K_edgar_data_1314727_0001314727-24-000026.txt,2024/QTR4/20241115_10-K_edgar_data_1314727_0001314727-24-000026.txt,,12,Other,unknown
expansion_2024_batch_01,8602f4a65f551818,20260307,quarter_round_robin,active_2021_2024,1319161,2024,4,10-K,20241121_10-K_edgar_data_1319161_0001319161-24-000039.txt,2024/QTR4/20241121_10-K_edgar_data_1319161_0001319161-24-000039.txt,,12,Other,unknown
expansion_2024_batch_01,6df4d43d97d00d21,20260307,quarter_round_robin,active_2021_2024,1325670,2024,4,10-K,20241015_10-K_edgar_data_1325670_0001558370-24-013277.txt,2024/QTR4/20241015_10-K_edgar_data_1325670_0001558370-24-013277.txt,,12,Other,unknown
