sentence_id,split,split_version,assignment_reason,seed,source_manifest_id,source_cik,label,batch_row_id,sentence_text_id,source_year
934715725061e415,train,v1,grouped_source_cik_stratified_80_20_v1,20260315,expansion_2024_batch_04,1065280,Irrelevant,90d54f1ebded9d97,7cb5c14a5309e193,2024
8a565a36583fdb5d,validation,v1,grouped_source_cik_stratified_80_20_v1,20260315,pilot_2024_10k_v1,1177394,Speculative,ac6c2a94d410ab5d,a2c1cff798167124,2024
378e04590eef68e1,train,v1,grouped_source_cik_stratified_80_20_v1,20260315,expansion_2024_batch_02,1035443,Irrelevant,4a93496cd66500fd,87819842ff46b314,2024
87a96c7c8a73fafd,train,v1,grouped_source_cik_stratified_80_20_v1,20260315,expansion_2024_batch_01,100790,Irrelevant,65103c9e448f922f,31d9b86a67bb5fd6,2024
13597490618527d0,validation,v1,grouped_source_cik_stratified_80_20_v1,20260315,expansion_2024_batch_02,1035267,Irrelevant,662d33d952ad88c2,25954bb34d3be0ba,2024
229455426599564b,validation,v1,grouped_source_cik_stratified_80_20_v1,20260315,expansion_2024_batch_02,1035267,Irrelevant,e9fa370611000863,82e424114f63bd00,2024
f76505636f7d956a,train,v1,grouped_source_cik_stratified_80_20_v1,20260315,expansion_2024_batch_02,1018724,Irrelevant,2e526a566096d712,7d4d8e014f279eae,2024
3e52e5f9abccef20,validation,v1,grouped_source_cik_stratified_80_20_v1,20260315,expansion_2024_batch_02,101829,Speculative,c403a2d44fe0799c,de4698d162deb722,2024
018f0bc04cf8e228,train,v1,grouped_source_cik_stratified_80_20_v1,20260315,expansion_2024_batch_03,1043604,Irrelevant,c1ef9d8fbe3d9ebe,c2983d9a5a64f307,2024
9c970706026822e9,train,v1,grouped_source_cik_stratified_80_20_v1,20260315,expansion_2024_batch_03,1043604,Irrelevant,a0d818d271626cc0,2b23070c64298b85,2024
b2aa133e99708d1f,train,v1,grouped_source_cik_stratified_80_20_v1,20260315,expansion_2024_batch_03,10456,Speculative,0f45ef60ef27e26a,73f25b835f983207,2024
443e08880e8e2f62,train,v1,grouped_source_cik_stratified_80_20_v1,20260315,expansion_2024_batch_04,1058090,Irrelevant,057bcae2029a93ad,1f25c0c05eb0edbc,2024
de0db4e35d53c11e,train,v1,grouped_source_cik_stratified_80_20_v1,20260315,pilot_2024_10k_v1,100122,Irrelevant,d0f39f7556a3374a,fa849ce60b68f07c,2024
1865d7b077c10275,train,v1,grouped_source_cik_stratified_80_20_v1,20260315,expansion_2024_batch_02,1025996,Irrelevant,6bb974605309852e,fe1bd8c1035f614d,2024
d84aa0479094bd28,validation,v1,grouped_source_cik_stratified_80_20_v1,20260315,expansion_2024_batch_03,1037646,Irrelevant,c833783c2d76b866,6dbff0319e746886,2024
64e328cfc66a53da,train,v1,grouped_source_cik_stratified_80_20_v1,20260315,expansion_2024_batch_03,1040765,Irrelevant,8090b84ef800c8c3,54bfd27f31f9e206,2024
e0a4a15627a228b0,train,v1,grouped_source_cik_stratified_80_20_v1,20260315,expansion_2024_batch_02,1031296,Irrelevant,bb25ab87f367ec5a,17d3c0366fab7870,2024
b290e20b38835786,train,v1,grouped_source_cik_stratified_80_20_v1,20260315,expansion_2024_batch_02,1013857,Speculative,7f7c4ca2cd80f85a,7d28c90834f5a057,2024
1904b80dd2fe1a57,train,v1,grouped_source_cik_stratified_80_20_v1,20260315,pilot_2024_10k_v1,1026214,Irrelevant,1edf449cbc0420a1,9bb88d04367f2ec4,2024
816a6659cda5c994,train,v1,grouped_source_cik_stratified_80_20_v1,20260315,expansion_2024_batch_01,1026214,Irrelevant,76e8fb7950b162a1,802edcced86eec64,2024
b855ae56bcdb0059,train,v1,grouped_source_cik_stratified_80_20_v1,20260315,expansion_2024_batch_04,1054905,Irrelevant,b2d5799fe20cdc5a,c16cf453ae238aab,2024
2dd7541f713813b1,train,v1,grouped_source_cik_stratified_80_20_v1,20260315,expansion_2024_batch_04,1054905,Irrelevant,d02cae415472feb7,cd515a4a2c7b5d69,2024
6e4b0f9f9c1898d9,train,v1,grouped_source_cik_stratified_80_20_v1,20260315,expansion_2024_batch_04,1058290,Irrelevant,ab5340079fe636c4,9988fdaae6c86d7e,2024
4d43c28233006e17,train,v1,grouped_source_cik_stratified_80_20_v1,20260315,expansion_2024_batch_04,1058290,Irrelevant,1e99089eb82a4865,2f17a29c9566ecff,2024
a616a0e692c73b63,train,v1,grouped_source_cik_stratified_80_20_v1,20260315,expansion_2024_batch_04,1059556,Speculative,c87aed1a31aeb6a7,471051070019ebd1,2024
f4349648ca8256c9,train,v1,grouped_source_cik_stratified_80_20_v1,20260315,expansion_2024_batch_04,1059556,Irrelevant,b2bfee5fc882f15c,07ad4a97649a79e4,2024
ce5e1c559bb782a7,train,v1,grouped_source_cik_stratified_80_20_v1,20260315,expansion_2024_batch_04,106640,Irrelevant,8b19bd0b3ef29a31,519366f5a34aaf10,2024
80ce1c8adb92e58e,train,v1,grouped_source_cik_stratified_80_20_v1,20260315,expansion_2024_batch_02,1021561,Irrelevant,b08e1cbce414926e,29eb4aa2c8052737,2024
fbf11708f0c5c9f0,train,v1,grouped_source_cik_stratified_80_20_v1,20260315,expansion_2024_batch_02,1021561,Speculative,3bb40d1617cef3bf,d239c41968fba9b2,2024
c37cd32a6952859a,train,v1,grouped_source_cik_stratified_80_20_v1,20260315,expansion_2024_batch_03,1037676,Irrelevant,4b6a06e4570edf93,52a69644a08b363e,2024
463d755f47e27e0d,train,v1,grouped_source_cik_stratified_80_20_v1,20260315,expansion_2024_batch_03,1043219,Irrelevant,425ebdd8a5361d5a,45012e8fae592103,2024
5ae70fcfe3c6fbae,train,v1,grouped_source_cik_stratified_80_20_v1,20260315,expansion_2024_batch_03,1050446,Speculative,c04d675de58a9dd0,8835b0aa74a423ea,2024
aa5406db6036e628,train,v1,grouped_source_cik_stratified_80_20_v1,20260315,expansion_2024_batch_03,1050446,Irrelevant,c83d284635270d1a,6e0cd2b3f7690202,2024
2387103833acfbe8,train,v1,grouped_source_cik_stratified_80_20_v1,20260315,expansion_2024_batch_04,1052752,Speculative,df42379864a36f3b,717b40a2f901a513,2024
51929e6af2a06c58,train,v1,grouped_source_cik_stratified_80_20_v1,20260315,expansion_2024_batch_04,1052752,Irrelevant,11330f1f1057ba18,9052918b1f775a17,2024
4242b9a10b4ff277,train,v1,grouped_source_cik_stratified_80_20_v1,20260315,pilot_2024_10k_v1,1004434,Irrelevant,a40e3072bfdfdc07,2468efd746dbed35,2024
3dd04eecfc20c3ba,train,v1,grouped_source_cik_stratified_80_20_v1,20260315,pilot_2024_10k_v1,1004434,Irrelevant,8b718b65d388a9b9,9c293c4480aa5e43,2024
4d60a30db86bb743,train,v1,grouped_source_cik_stratified_80_20_v1,20260315,pilot_2024_10k_v1,1004434,Irrelevant,6fc28a8e7bc0db4f,e1db53fd7bfc6f43,2024
691ff1fda84f8181,train,v1,grouped_source_cik_stratified_80_20_v1,20260315,expansion_2024_batch_01,1005757,Actionable,3ef1fa78bd85a505,82df2d572e24d333,2024
c7451565a7c42e34,train,v1,grouped_source_cik_stratified_80_20_v1,20260315,expansion_2024_batch_01,1005757,Irrelevant,a5b5f3d984e0b551,4469609d61ff4969,2024
2caff8c724a07ec3,train,v1,grouped_source_cik_stratified_80_20_v1,20260315,expansion_2024_batch_02,103145,Irrelevant,6128ec162df8ce87,d92d0115f3bc2cdd,2024
8cb86384a20b0e71,train,v1,grouped_source_cik_stratified_80_20_v1,20260315,expansion_2024_batch_02,103145,Irrelevant,7d4fe00db09ac9b0,b79d11bdd08d854f,2024
5ce92083d8f8acc2,train,v1,grouped_source_cik_stratified_80_20_v1,20260315,expansion_2024_batch_03,1043277,Actionable,af4b252b6098243c,dba277ffb57b7444,2024
27b0a202ee3eeea3,train,v1,grouped_source_cik_stratified_80_20_v1,20260315,expansion_2024_batch_04,1051512,Irrelevant,da37a9c2106b9a36,76f823817e4365e6,2024
d215dee5d04eec62,validation,v1,grouped_source_cik_stratified_80_20_v1,20260315,expansion_2024_batch_04,106535,Irrelevant,e51186eb0be000d3,2718eb1f5a1d219b,2024
a3d33d0f7a867552,train,v1,grouped_source_cik_stratified_80_20_v1,20260315,expansion_2024_batch_04,1066247,Irrelevant,5ce1bcfbd673070d,8bf4e3088430aa9c,2024
c03745e81ec98a48,train,v1,grouped_source_cik_stratified_80_20_v1,20260315,expansion_2024_batch_04,1066247,Irrelevant,52a5eb6ba5557f21,37b3cbd35aaa820b,2024
89b750c6a4e15ede,train,v1,grouped_source_cik_stratified_80_20_v1,20260315,expansion_2024_batch_03,1041061,Irrelevant,9124542ed48bb0a6,1a9800465e806a07,2024
b8d76ca9d60104cd,train,v1,grouped_source_cik_stratified_80_20_v1,20260315,expansion_2024_batch_03,1042773,Irrelevant,9686ae31e10fa05f,e71731776b7bca8b,2024
501a42c21d81fb7b,train,v1,grouped_source_cik_stratified_80_20_v1,20260315,expansion_2024_batch_03,1042773,Irrelevant,835ec0368f1e410f,579e57a2f1cc90f3,2024
41c24874f9a6c8ce,train,v1,grouped_source_cik_stratified_80_20_v1,20260315,expansion_2024_batch_04,1070985,Actionable,b23a5c4f603f3229,630a06f71c5b8a40,2024
c45311384e048d97,validation,v1,grouped_source_cik_stratified_80_20_v1,20260315,pilot_2024_10k_v1,1004036,Irrelevant,e575d677639570ce,26708af00f2ae852,2024
7f149b24b4a063a6,train,v1,grouped_source_cik_stratified_80_20_v1,20260315,expansion_2024_batch_03,1045810,Speculative,6c457c2fff577088,1381f99e3677ba92,2024
6dfff7cd99ed88c1,train,v1,grouped_source_cik_stratified_80_20_v1,20260315,expansion_2024_batch_03,1045810,Irrelevant,ff934a4292cf43d9,9168a6cc964d33a7,2024
59716e248fcbd2d0,validation,v1,grouped_source_cik_stratified_80_20_v1,20260315,expansion_2024_batch_03,1046568,Speculative,5640fd853701afed,2e74a4cd08d2b932,2024
74451979bd7d7675,validation,v1,grouped_source_cik_stratified_80_20_v1,20260315,expansion_2024_batch_03,104918,Irrelevant,0dd2103eededf119,9bef5275c1e3067b,2024
ac52adf8005d949d,validation,v1,grouped_source_cik_stratified_80_20_v1,20260315,expansion_2024_batch_02,1022079,Irrelevant,b3006cd1ec0a8ceb,f043c6645ae81ea2,2024
f547005d762e0c44,validation,v1,grouped_source_cik_stratified_80_20_v1,20260315,expansion_2024_batch_03,1043509,Irrelevant,f62c6534715383b0,c271621fb97ae611,2024
73f0ad3c3d0025fe,validation,v1,grouped_source_cik_stratified_80_20_v1,20260315,expansion_2024_batch_03,1043509,Actionable,167ca75892af9cc3,a40ce81097a65ce5,2024
459573725b86ba77,train,v1,grouped_source_cik_stratified_80_20_v1,20260315,expansion_2024_batch_03,1042046,Speculative,e5a89f85fc90e222,6c3157fa100d8c01,2024
0ccc9d39cf23cb67,train,v1,grouped_source_cik_stratified_80_20_v1,20260315,expansion_2024_batch_03,1042046,Irrelevant,bf2136aa994a1776,eeacad8727b378ab,2024
ca8d4a2bebdcd939,train,v1,grouped_source_cik_stratified_80_20_v1,20260315,expansion_2024_batch_03,104889,Irrelevant,7aaa1702deefcc7f,524dbfeb9d0b7445,2024
8958039040583169,train,v1,grouped_source_cik_stratified_80_20_v1,20260315,expansion_2024_batch_03,104889,Speculative,6d613517920a4894,3f800eff75241d1a,2024
0fbfa43178b2f6c3,train,v1,grouped_source_cik_stratified_80_20_v1,20260315,expansion_2024_batch_03,1037976,Irrelevant,98144931925cc5c2,4018d603048cb0b7,2024
c60a6f3c116164ab,train,v1,grouped_source_cik_stratified_80_20_v1,20260315,expansion_2024_batch_03,1037976,Speculative,a151b9e35859d534,359110c52061d8fb,2024
cf0fc8fad581076e,train,v1,grouped_source_cik_stratified_80_20_v1,20260315,expansion_2024_batch_04,1069183,Speculative,6aef104cab9722f5,068ff2003477fd31,2024
939249e2002fe41a,train,v1,grouped_source_cik_stratified_80_20_v1,20260315,expansion_2024_batch_04,1069183,Irrelevant,08b289e61e62afce,5387be2495b067cc,2024
ee327529092f6184,train,v1,grouped_source_cik_stratified_80_20_v1,20260315,pilot_2024_10k_v1,1000694,Irrelevant,7db3733345dda11d,1dc797a1854d1b07,2024
86b5f21d047094ef,train,v1,grouped_source_cik_stratified_80_20_v1,20260315,expansion_2024_batch_04,105319,Irrelevant,758187023c856090,f651dc14bae8302c,2024
79ba9e420ed57b76,train,v1,grouped_source_cik_stratified_80_20_v1,20260315,expansion_2024_batch_04,105319,Irrelevant,b20b3bd79c0b7782,b4b5a3e4aa53c268,2024
f0b1e050b3f1aa1a,validation,v1,grouped_source_cik_stratified_80_20_v1,20260315,expansion_2024_batch_04,1061937,Irrelevant,9c75457d0cbb9bf0,03223b1ef56651c6,2024
d45aad6a9beb03d3,train,v1,grouped_source_cik_stratified_80_20_v1,20260315,expansion_2024_batch_04,1070494,Irrelevant,64fb92adb52e0b4f,3e23594e32c5b269,2024
0da1f547d86aae0d,train,v1,grouped_source_cik_stratified_80_20_v1,20260315,expansion_2024_batch_04,1070494,Irrelevant,200d0730f430c336,1f8dc0437bb3ccb8,2024
bb47cd599da87e48,train,v1,grouped_source_cik_stratified_80_20_v1,20260315,pilot_2024_10k_v1,1000623,Irrelevant,123541d963f54fcb,c70f3c9203c19e94,2024
56c4d36f2c8584d2,train,v1,grouped_source_cik_stratified_80_20_v1,20260315,pilot_2024_10k_v1,1001838,Irrelevant,829636c452640265,e334fa6d529b2099,2024
e8e83c9072dbe69d,train,v1,grouped_source_cik_stratified_80_20_v1,20260315,pilot_2024_10k_v1,1001838,Speculative,29d0e1cced93ea41,e61e8324d8354172,2024
f8276926a94d6f5c,train,v1,grouped_source_cik_stratified_80_20_v1,20260315,pilot_2024_10k_v1,1001838,Irrelevant,0c05517ef52bd4a3,c918f0609a02951e,2024
359aa6023eaf64c6,train,v1,grouped_source_cik_stratified_80_20_v1,20260315,pilot_2024_10k_v1,1001838,Speculative,9f6edd9617dedf98,41edb487722fe788,2024
4b873d84bdc19408,train,v1,grouped_source_cik_stratified_80_20_v1,20260315,pilot_2024_10k_v1,1001838,Irrelevant,835134f4d3a3439b,2d08bad4714d68aa,2024
c93d40aa23b5aef2,train,v1,grouped_source_cik_stratified_80_20_v1,20260315,pilot_2024_10k_v1,1002910,Irrelevant,5b8433b064fefcc7,496d430fe68b7d88,2024
94a015de69bbc8fc,train,v1,grouped_source_cik_stratified_80_20_v1,20260315,expansion_2024_batch_02,1013880,Irrelevant,f68c9a746db32cb5,7b524209217f3813,2024
8840d3d44a679062,train,v1,grouped_source_cik_stratified_80_20_v1,20260315,expansion_2024_batch_02,1013880,Irrelevant,facabffb2d55c8c8,ae726a114797bb73,2024
505035db6212f1bb,train,v1,grouped_source_cik_stratified_80_20_v1,20260315,expansion_2024_batch_02,1034842,Irrelevant,90c592991dfa9c2c,f96d5de847787b2f,2024
33d5cc4b3735eb76,train,v1,grouped_source_cik_stratified_80_20_v1,20260315,expansion_2024_batch_02,1034842,Irrelevant,83b9cfc5dcf8807e,f097ed2b709a2bdb,2024
638fb54699bbe41a,validation,v1,grouped_source_cik_stratified_80_20_v1,20260315,pilot_2024_10k_v1,1001614,Irrelevant,396acf00fe2e19c2,f0fc4bc053138873,2024
b17f20392c1ceffc,train,v1,grouped_source_cik_stratified_80_20_v1,20260315,expansion_2024_batch_01,1006837,Irrelevant,0232c9ef24fd6041,c5ad9c9cfdc77cb9,2024
150d9c0a507dee73,train,v1,grouped_source_cik_stratified_80_20_v1,20260315,expansion_2024_batch_01,1006837,Irrelevant,686d7e54267e06fd,5c176acc0e1cae76,2024
c84ad991b2421175,validation,v1,grouped_source_cik_stratified_80_20_v1,20260315,pilot_2024_10k_v1,1000209,Irrelevant,9ec901a6342cc02a,cf709124d81a5c75,2024
203d3d4b98263e0b,validation,v1,grouped_source_cik_stratified_80_20_v1,20260315,pilot_2024_10k_v1,1000209,Irrelevant,6db237c27f5e1f67,ed5a9a1a8a58cb3d,2024
9bf1cfde30d910a5,validation,v1,grouped_source_cik_stratified_80_20_v1,20260315,pilot_2024_10k_v1,1000209,Irrelevant,651574e1f5bd724f,0b9f848519a4bd57,2024
eb3177dbc1005f1d,validation,v1,grouped_source_cik_stratified_80_20_v1,20260315,pilot_2024_10k_v1,1000209,Irrelevant,bb407b110bf780f8,73fee3c5b676a9d5,2024
56525e396d7dc01f,validation,v1,grouped_source_cik_stratified_80_20_v1,20260315,pilot_2024_10k_v1,1000209,Irrelevant,44231065f065bbe2,f77ebb42c28ee1ad,2024
66f7a1c49bf35fd7,validation,v1,grouped_source_cik_stratified_80_20_v1,20260315,pilot_2024_10k_v1,1000209,Irrelevant,85aee086290ddbad,580d7069ac856955,2024
a522c8a07bf2d70a,validation,v1,grouped_source_cik_stratified_80_20_v1,20260315,pilot_2024_10k_v1,1000209,Irrelevant,b9a6fc11471571e2,bb15492c9e09c675,2024
f7c7843cee66954d,validation,v1,grouped_source_cik_stratified_80_20_v1,20260315,pilot_2024_10k_v1,1000209,Irrelevant,43b916528f5ed236,3fd2855a315f4b7d,2024
349b4c7239a5efd0,validation,v1,grouped_source_cik_stratified_80_20_v1,20260315,pilot_2024_10k_v1,1000209,Irrelevant,20e3e68532ee12c8,d05ebad5253875e3,2024
69bd158513daeab6,validation,v1,grouped_source_cik_stratified_80_20_v1,20260315,pilot_2024_10k_v1,1000209,Irrelevant,568523c40248162a,20b58ede2f6e156c,2024
70e183990e9f1096,train,v1,grouped_source_cik_stratified_80_20_v1,20260315,expansion_2024_batch_03,1050377,Irrelevant,1ab0dd07a302f73b,4d796eb67f479a13,2024
d6da40a7b1377410,train,v1,grouped_source_cik_stratified_80_20_v1,20260315,expansion_2024_batch_03,1050377,Speculative,25d43a27c9007c37,356a9d46b14e1c25,2024
8c3a19f56f2c6757,validation,v1,grouped_source_cik_stratified_80_20_v1,20260315,expansion_2024_batch_02,1023313,Irrelevant,59d4c7d23ff4e994,8e7dde51b19d8ac0,2024
f13102ab06c5d4d2,validation,v1,grouped_source_cik_stratified_80_20_v1,20260315,expansion_2024_batch_02,1023313,Irrelevant,02e85be4fb53d952,fc8d75c8d6283b06,2024
d3191c9bf9af7e48,train,v1,grouped_source_cik_stratified_80_20_v1,20260315,expansion_2024_batch_04,1065078,Irrelevant,45a198352b300fde,1dd08b2e9648953d,2024
6eec5664f069e029,train,v1,grouped_source_cik_stratified_80_20_v1,20260315,pilot_2024_10k_v1,1001233,Irrelevant,61042c90c66a671c,2b8bcf61a21783b8,2024
68689cc5fbe3ddef,train,v1,grouped_source_cik_stratified_80_20_v1,20260315,expansion_2024_batch_03,1038509,Irrelevant,e79dd742fb33cbad,7bc4a5937d2c0bdb,2024
7d9a2ac9f027b541,train,v1,grouped_source_cik_stratified_80_20_v1,20260315,expansion_2024_batch_03,1038509,Irrelevant,f8cf0edcdf48329a,2aeaff4f72c55c8b,2024
9ee2d8f8a21a2fc3,train,v1,grouped_source_cik_stratified_80_20_v1,20260315,pilot_2024_10k_v1,1003815,Actionable,c883bd0b3af9c66a,2c7fb31769801317,2024
4b89559f51d4b939,train,v1,grouped_source_cik_stratified_80_20_v1,20260315,expansion_2024_batch_03,1043951,Irrelevant,0164fb09101957a1,2db32b192a60f0fe,2024
31067261366384f7,validation,v1,grouped_source_cik_stratified_80_20_v1,20260315,pilot_2024_10k_v1,1001082,Speculative,2372b4fcb00fe302,e940255088c9c255,2024
210a47757b1a11e0,validation,v1,grouped_source_cik_stratified_80_20_v1,20260315,expansion_2024_batch_04,1053691,Speculative,f36dda5a226f77d0,af67fdf6bfbdb50f,2024
391ba078e069766d,train,v1,grouped_source_cik_stratified_80_20_v1,20260315,pilot_2024_10k_v1,1018840,Irrelevant,748b80135d9dd951,a04b269e15103934,2024
fbf1e648f8dce257,train,v1,grouped_source_cik_stratified_80_20_v1,20260315,pilot_2024_10k_v1,1018840,Speculative,73a9a80460c3fde0,8831d676ae0336b8,2024
2785fb0f732b8c95,train,v1,grouped_source_cik_stratified_80_20_v1,20260315,pilot_2024_10k_v1,1040896,Actionable,7ca6b8e29e78951c,404a129ff18dc66b,2024
dbf16dd1158358fd,validation,v1,grouped_source_cik_stratified_80_20_v1,20260315,pilot_2024_10k_v1,1066764,Actionable,fd676d1f8031506f,c634c6992e30c634,2024
5b5721dc9ba6a21e,validation,v1,grouped_source_cik_stratified_80_20_v1,20260315,expansion_2024_batch_02,1108645,Speculative,c1893bcf4fffa083,4da58502d5016115,2024
a6d99b92004dfe9c,train,v1,grouped_source_cik_stratified_80_20_v1,20260315,expansion_2024_batch_02,1140215,Irrelevant,00430560f7ab0e51,e8346aef73585c3f,2024
87308d0180b7765c,validation,v1,grouped_source_cik_stratified_80_20_v1,20260315,expansion_2024_batch_02,1211805,Speculative,4f0b5b90a8028d28,86f9a0d4bed14227,2024
ea66cd6dbe3cda80,train,v1,grouped_source_cik_stratified_80_20_v1,20260315,expansion_2024_batch_02,1224133,Actionable,3033436864637f4d,369ac9b3c89aaf3e,2024
b0d5deb1c7e12578,train,v1,grouped_source_cik_stratified_80_20_v1,20260315,expansion_2024_batch_02,1224133,Actionable,9be87e4075bcb0ff,ecad5cb7d4a85c6b,2024
67903b7f42943ffb,validation,v1,grouped_source_cik_stratified_80_20_v1,20260315,expansion_2024_batch_02,1261379,Actionable,9f3382c6dbc53356,b2ccb51c15f495e7,2024
1e0842ae3860f5f6,train,v1,grouped_source_cik_stratified_80_20_v1,20260315,expansion_2024_batch_02,1282980,Actionable,5d8f6d63711bcf30,0bee4821e622dac1,2024
68d33ee89a955d4a,train,v1,grouped_source_cik_stratified_80_20_v1,20260315,expansion_2024_batch_02,1282980,Actionable,b59ff216d0c5a897,4b3fdfcb7ecfab85,2024
34aca2a32b491539,train,v1,grouped_source_cik_stratified_80_20_v1,20260315,expansion_2024_batch_03,1351636,Actionable,28af718f2c357dcf,e21e38543ba35133,2024
02fadb74815a203f,train,v1,grouped_source_cik_stratified_80_20_v1,20260315,expansion_2024_batch_03,1351636,Irrelevant,609a61d3e9aec49a,d3d7f6e3300ca271,2024
753e9b6429d21007,validation,v1,grouped_source_cik_stratified_80_20_v1,20260315,expansion_2024_batch_03,1374339,Irrelevant,d3628df1c9ed4309,e5e5ebd2980657d3,2024
c4e09d07456063ba,validation,v1,grouped_source_cik_stratified_80_20_v1,20260315,expansion_2024_batch_03,1374339,Actionable,4144f4d0f5d5a037,1860deb7cd8b01dc,2024
12717cd42d89b3ab,train,v1,grouped_source_cik_stratified_80_20_v1,20260315,expansion_2024_batch_03,1388295,Speculative,fcac0e38490eea36,dda5924fc65062e3,2024
8047a3d84881cef0,train,v1,grouped_source_cik_stratified_80_20_v1,20260315,expansion_2024_batch_03,1388295,Speculative,1e1262423267bb62,a65e33bc3b9fbf34,2024
73c3f4fc52f00050,train,v1,grouped_source_cik_stratified_80_20_v1,20260315,expansion_2024_batch_03,1396536,Irrelevant,269d1a8a212963fb,69eb837d516a5f07,2024
cac00072e0b5f2c3,train,v1,grouped_source_cik_stratified_80_20_v1,20260315,expansion_2024_batch_03,1396536,Irrelevant,5736c5be2666fd6d,f0fcc0999889a1c8,2024
c7f6e5953d7ba87c,train,v1,grouped_source_cik_stratified_80_20_v1,20260315,expansion_2024_batch_03,1397047,Irrelevant,9b6197b8ce04c898,bbe66595593f82b4,2024
df4e05a0ddc72b7c,train,v1,grouped_source_cik_stratified_80_20_v1,20260315,expansion_2024_batch_03,1397183,Actionable,668a597a28db5dd6,960c4a36115a7f83,2024
0707a4059edda2a7,train,v1,grouped_source_cik_stratified_80_20_v1,20260315,expansion_2024_batch_04,1409269,Irrelevant,44ce7145cef4c606,8046a48f7b337798,2024
5c41df841aa3c464,train,v1,grouped_source_cik_stratified_80_20_v1,20260315,expansion_2024_batch_04,1409269,Speculative,ec8f9a12f5f5ccab,fb78cb36d8743d86,2024
b15d0aa3edae02e0,train,v1,grouped_source_cik_stratified_80_20_v1,20260315,expansion_2024_batch_04,1425627,Speculative,6cec88875b633a35,560d8981947a9691,2024
bb7f5f744783b42b,validation,v1,grouped_source_cik_stratified_80_20_v1,20260315,expansion_2024_batch_04,1431567,Irrelevant,30162e7fe42d3919,87db3b3c88aa9bcb,2024
f18d705e50b7d503,train,v1,grouped_source_cik_stratified_80_20_v1,20260315,expansion_2024_batch_04,1437283,Irrelevant,7e2ad4423b47665e,7cedb26473ea3946,2024
f7e2e3b539e872fd,train,v1,grouped_source_cik_stratified_80_20_v1,20260315,expansion_2024_batch_04,1437283,Speculative,a6c377cf62e3f8b4,8c92dfa15954845a,2024
4185ab30055476bb,train,v1,grouped_source_cik_stratified_80_20_v1,20260315,expansion_2024_batch_04,1452936,Actionable,43c128dd72e6bdd6,5e0109539410fda2,2024
6489b2d76fe80847,train,v1,grouped_source_cik_stratified_80_20_v1,20260315,expansion_2024_batch_04,1462056,Actionable,77342759203bcd77,d3e2b974b7071b28,2024
cd1636132a778c80,train,v1,grouped_source_cik_stratified_80_20_v1,20260315,expansion_2024_batch_04,1462056,Irrelevant,d3ee5df37392e3af,268cfe052d66c410,2024
4eaf3f753314267b,train,v1,grouped_source_cik_stratified_80_20_v1,20260315,expansion_2024_batch_04,1463913,Irrelevant,67fb486c23264f46,e8c7597942bced6a,2024
6e8533a93e7a3035,train,v1,grouped_source_cik_stratified_80_20_v1,20260315,expansion_2024_batch_03,1327688,Irrelevant,2f8848a1019210e2,f1cc9e46eb4e35a1,2024
02322ec0d802844d,train,v1,grouped_source_cik_stratified_80_20_v1,20260315,expansion_2024_batch_03,1327688,Irrelevant,59e095abd416f1cc,9155e060f012e5ce,2024
4a4bef394b87af1d,train,v1,grouped_source_cik_stratified_80_20_v1,20260315,expansion_2024_batch_04,1460329,Irrelevant,0b37635eccee9b5f,8bd9df62bc204e30,2024
4c178e9c91213e04,train,v1,grouped_source_cik_stratified_80_20_v1,20260315,pilot_2024_10k_v1,1070235,Actionable,d615dc66e79210c8,fc598be3d631e12a,2024
fd6440aa49291c7d,train,v1,grouped_source_cik_stratified_80_20_v1,20260315,pilot_2024_10k_v1,1070235,Actionable,01cf2870f47b581f,31d718e8515a347b,2024
b4752574b89acd9d,train,v1,grouped_source_cik_stratified_80_20_v1,20260315,pilot_2024_10k_v1,1070235,Irrelevant,824d09b206af5d27,41369e8a2653a451,2024
23ea0c95926e4359,train,v1,grouped_source_cik_stratified_80_20_v1,20260315,pilot_2024_10k_v1,1070235,Actionable,81f006d27c13d90d,8a77d3e2c852da1b,2024
76a37d305f105716,validation,v1,grouped_source_cik_stratified_80_20_v1,20260315,expansion_2024_batch_02,1132105,Irrelevant,c668e860291138d2,df19f15e408a804a,2024
815a719f6eb541dd,validation,v1,grouped_source_cik_stratified_80_20_v1,20260315,expansion_2024_batch_02,1132105,Irrelevant,8ce1418bfa85badc,c30f01b740bc1b32,2024
4a56f6e6ab5a91c1,validation,v1,grouped_source_cik_stratified_80_20_v1,20260315,expansion_2024_batch_02,1089815,Speculative,ca830951f3e3a4e1,9959b03b4e086eea,2024
67b58f9d8eb958e7,validation,v1,grouped_source_cik_stratified_80_20_v1,20260315,expansion_2024_batch_02,1089815,Irrelevant,eab466e877abe4f2,cf2eb49ac1cf1a77,2024
0aa31ee48081a32b,train,v1,grouped_source_cik_stratified_80_20_v1,20260315,pilot_2024_10k_v1,1051343,Actionable,0250c1e22accd397,d9cbe24831d43b3b,2024
c2b9e821679be8dd,validation,v1,grouped_source_cik_stratified_80_20_v1,20260315,pilot_2024_10k_v1,1084267,Actionable,ca414a58395ced51,a504792c74a0a636,2024
0a7c4c666c3ed073,validation,v1,grouped_source_cik_stratified_80_20_v1,20260315,pilot_2024_10k_v1,1084267,Actionable,2618b1de4b18db6e,d4bcb606842322f2,2024
0f1e740fa40c5354,validation,v1,grouped_source_cik_stratified_80_20_v1,20260315,pilot_2024_10k_v1,1084267,Actionable,3a6eccb9f60f49e6,c1fe9ed446b9c878,2024
aed9b247edd09654,validation,v1,grouped_source_cik_stratified_80_20_v1,20260315,pilot_2024_10k_v1,1084267,Actionable,55c754f02fdeb2b0,ce460f1e53f712d3,2024
57077ab820d1730f,train,v1,grouped_source_cik_stratified_80_20_v1,20260315,expansion_2024_batch_02,1103795,Speculative,82b2d2b0d27928d2,6cd72ebf8fa6c235,2024
66956e3fc78f9b03,train,v1,grouped_source_cik_stratified_80_20_v1,20260315,expansion_2024_batch_02,1174891,Actionable,40bde3bec3a3f3b9,89f775cb3672b5f6,2024
419a486abea9bd58,validation,v1,grouped_source_cik_stratified_80_20_v1,20260315,expansion_2024_batch_03,1355848,Irrelevant,3ba88b3f7810b902,8aca869782f2cdc2,2024
9d8fa9f5e28ebe19,train,v1,grouped_source_cik_stratified_80_20_v1,20260315,pilot_2024_10k_v1,100591,Irrelevant,78a7dbafe7e7b3c0,03b1fb73df5a802a,2024
2c215f216493a4c1,validation,v1,grouped_source_cik_stratified_80_20_v1,20260315,expansion_2024_batch_04,1468327,Actionable,c1f6853913352f74,9b05ea6987825646,2024
72a101edddf7e89b,validation,v1,grouped_source_cik_stratified_80_20_v1,20260315,expansion_2024_batch_04,1468327,Irrelevant,6d13905e9eedad5b,dd3f6cfefdd307d2,2024
21a3f2f1c1f4751b,validation,v1,grouped_source_cik_stratified_80_20_v1,20260315,expansion_2024_batch_02,1170010,Irrelevant,c23257b98fbb874f,dd414f09b96b038d,2024
5407e5aff190613c,validation,v1,grouped_source_cik_stratified_80_20_v1,20260315,expansion_2024_batch_02,1170010,Irrelevant,74ccc063f061d15a,3d2934263386877d,2024
6ea22ed21ac92a9c,train,v1,grouped_source_cik_stratified_80_20_v1,20260315,expansion_2024_batch_03,1368365,Speculative,11a8ab59bfb08243,067a112dcf3a04fd,2024
964893fda38f34ce,train,v1,grouped_source_cik_stratified_80_20_v1,20260315,expansion_2024_batch_03,1368365,Irrelevant,92dfb7bd5bfe7063,ef25598fa0a028ef,2024
c30da581137ce460,train,v1,grouped_source_cik_stratified_80_20_v1,20260315,expansion_2024_batch_03,1394108,Speculative,95b4e9a06059285a,e961876241296927,2024
5b2fdd6ca12d0e09,train,v1,grouped_source_cik_stratified_80_20_v1,20260315,expansion_2024_batch_04,1420565,Irrelevant,d7a52bd276580419,a1cc47a25f0f24a2,2024
a7b11ce267da0853,train,v1,grouped_source_cik_stratified_80_20_v1,20260315,expansion_2024_batch_04,1448431,Actionable,310ebe4598bfb1ab,773d739c5e20c713,2024
3f1206a26b863eeb,train,v1,grouped_source_cik_stratified_80_20_v1,20260315,expansion_2024_batch_04,1463972,Speculative,f106467bc3b0f7bc,f7d6a375203886a7,2024
0c2ae121eed3686e,train,v1,grouped_source_cik_stratified_80_20_v1,20260315,expansion_2024_batch_02,1136174,Actionable,0c6b5ba6e134138a,a0efdaaa5952494f,2024
7fce4871cfa907d4,train,v1,grouped_source_cik_stratified_80_20_v1,20260315,expansion_2024_batch_03,1398805,Irrelevant,adf70e90d4bdda9a,4122abb55155fe94,2024
1edaf2096df2e8fc,validation,v1,grouped_source_cik_stratified_80_20_v1,20260315,pilot_2024_10k_v1,1064722,Speculative,160ad0dfaa01cfdc,e6fd18d08f91ced0,2024
4ecc833fc6926bb9,validation,v1,grouped_source_cik_stratified_80_20_v1,20260315,pilot_2024_10k_v1,1064722,Speculative,e87e6886047d1163,f1808a3b5640d5cb,2024
4cfd3196af652c33,validation,v1,grouped_source_cik_stratified_80_20_v1,20260315,pilot_2024_10k_v1,1064722,Speculative,2b368e517d79ef8e,52a5683bd8121cad,2024
712db301c7863b88,validation,v1,grouped_source_cik_stratified_80_20_v1,20260315,pilot_2024_10k_v1,1064722,Speculative,4f3cfcfc18eee861,c0178ae89a500fa4,2024
f8655366c699cfa2,validation,v1,grouped_source_cik_stratified_80_20_v1,20260315,pilot_2024_10k_v1,1064722,Irrelevant,55f963008c36a860,d84423ca1f533f30,2024
9eb3a1412f32789a,validation,v1,grouped_source_cik_stratified_80_20_v1,20260315,expansion_2024_batch_01,1064722,Irrelevant,9db9fef9b1c54b94,82280d9a5e1fb1c7,2024
b2c939f2ffa6e6e1,validation,v1,grouped_source_cik_stratified_80_20_v1,20260315,expansion_2024_batch_01,1064722,Irrelevant,a306e3d7a14d5d17,f8557d219ea5efc2,2024
8699dbc438962a53,train,v1,grouped_source_cik_stratified_80_20_v1,20260315,pilot_2024_10k_v1,1068689,Actionable,3c7d2b750c420ba9,33c68fe801c2f8db,2024
8d93bbce40644c0c,train,v1,grouped_source_cik_stratified_80_20_v1,20260315,pilot_2024_10k_v1,1068689,Actionable,bfea4c41aa6d7901,38ed22bc527d3b95,2024
8078257eed840357,train,v1,grouped_source_cik_stratified_80_20_v1,20260315,expansion_2024_batch_01,1084475,Speculative,d738abe8ea46acec,9edffaed9c264a9e,2024
9217f94c6b60a91e,train,v1,grouped_source_cik_stratified_80_20_v1,20260315,expansion_2024_batch_01,1084475,Speculative,3cca9730d4b6ca33,555628ae1d1371e4,2024
67c456e98371b8d0,validation,v1,grouped_source_cik_stratified_80_20_v1,20260315,expansion_2024_batch_04,1450704,Actionable,c13b45bdd68041ec,6431db8d740be4e9,2024
c4d4292a2ec018d9,train,v1,grouped_source_cik_stratified_80_20_v1,20260315,pilot_2024_10k_v1,1049011,Speculative,e742fc65df21f7ad,c3da16f27c8e948d,2024
23be282ee6978655,train,v1,grouped_source_cik_stratified_80_20_v1,20260315,pilot_2024_10k_v1,1049011,Irrelevant,8d6780ee70bf8715,8d4db69e03987a6c,2024
a6d5c788c4d860c7,train,v1,grouped_source_cik_stratified_80_20_v1,20260315,pilot_2024_10k_v1,1049011,Speculative,bf5e48b79327a4f7,4a8ab7f9bf3a98a6,2024
0895027d8b82cd12,train,v1,grouped_source_cik_stratified_80_20_v1,20260315,pilot_2024_10k_v1,1049011,Speculative,acfbe4a8957270ff,bb756b31166b58da,2024
9eafe016f4044273,train,v1,grouped_source_cik_stratified_80_20_v1,20260315,pilot_2024_10k_v1,1049011,Speculative,bfaf341ddb9eb595,567eb29a44dabd64,2024
2a0954f0e613f736,train,v1,grouped_source_cik_stratified_80_20_v1,20260315,expansion_2024_batch_03,1335112,Irrelevant,5d1752df35aeb281,92c797b3c99a9533,2024
c1b9249ee4dc4980,train,v1,grouped_source_cik_stratified_80_20_v1,20260315,expansion_2024_batch_02,1304280,Irrelevant,46d7fb9cacb9c546,1c8bdbbe7c95f61a,2024
d5970aa665c5cbac,train,v1,grouped_source_cik_stratified_80_20_v1,20260315,expansion_2024_batch_02,1304280,Irrelevant,594b6c1b17083dab,a345bdee3adb0118,2024
0bd4675009165f2d,train,v1,grouped_source_cik_stratified_80_20_v1,20260315,pilot_2024_10k_v1,1023994,Actionable,966d3309fbe43b6f,e10999897228ca63,2024
e3749a4af29bed8e,train,v1,grouped_source_cik_stratified_80_20_v1,20260315,expansion_2024_batch_02,1169561,Irrelevant,384c4982d8964981,050142b41082476c,2024
a645264405c17d59,train,v1,grouped_source_cik_stratified_80_20_v1,20260315,expansion_2024_batch_02,1169561,Irrelevant,088c13a8e42324d2,62dcc5ec24a20d1b,2024
92adb58ba0eb64c2,train,v1,grouped_source_cik_stratified_80_20_v1,20260315,pilot_2024_10k_v1,1032975,Actionable,c94a111c6fc1de48,60583e437eb3b40b,2024
d1524027a0b58415,train,v1,grouped_source_cik_stratified_80_20_v1,20260315,pilot_2024_10k_v1,1032975,Actionable,da515c4aebabdd31,13329966f5a567bf,2024
1ce09559ccfd6b58,train,v1,grouped_source_cik_stratified_80_20_v1,20260315,pilot_2024_10k_v1,1032975,Actionable,f7a5692677ced221,616b89f920921891,2024
19f4f6a1e6635758,train,v1,grouped_source_cik_stratified_80_20_v1,20260315,expansion_2024_batch_01,1032975,Irrelevant,81bdb9cc7033c8d6,94f1284a3eb9e829,2024
01828225b196fdd8,train,v1,grouped_source_cik_stratified_80_20_v1,20260315,pilot_2024_10k_v1,1032975,Irrelevant,2ecc46c5a84e0546,a6b81081b26c9c4a,2024
90de80515b9a8017,train,v1,grouped_source_cik_stratified_80_20_v1,20260315,expansion_2024_batch_01,1032975,Irrelevant,4c1f2aec7b4e13ed,e96333acba18f9af,2024
3ea661cf693c8725,train,v1,grouped_source_cik_stratified_80_20_v1,20260315,pilot_2024_10k_v1,1078075,Irrelevant,0dc288e111854883,a044abad2601488d,2024
3e0342be1fb48582,train,v1,grouped_source_cik_stratified_80_20_v1,20260315,pilot_2024_10k_v1,1078075,Irrelevant,f6aefd0af0afa51d,196d3f18a32439c0,2024
9d0ef25e75f35c86,train,v1,grouped_source_cik_stratified_80_20_v1,20260315,pilot_2024_10k_v1,1078075,Irrelevant,b06179dd32683698,9f878bdaed536248,2024
24f8b889db8abc32,train,v1,grouped_source_cik_stratified_80_20_v1,20260315,pilot_2024_10k_v1,1078075,Irrelevant,e42b3b3ba4d8b5ed,529b2bf6e29c6202,2024
046ba63a0506361d,train,v1,grouped_source_cik_stratified_80_20_v1,20260315,expansion_2024_batch_02,1138639,Irrelevant,3e42ef0ea2d957b5,a7bc9b8fe367b261,2024
285c703f07be2eae,train,v1,grouped_source_cik_stratified_80_20_v1,20260315,pilot_2024_10k_v1,1023731,Actionable,c96eb13848bd9356,78764cf1edc361e4,2024
2f61d7e0f7adac62,train,v1,grouped_source_cik_stratified_80_20_v1,20260315,pilot_2024_10k_v1,1023731,Irrelevant,9a37368c14fa7c05,1d2f232f5a07d03c,2024
3fc07494a786cb5d,train,v1,grouped_source_cik_stratified_80_20_v1,20260315,pilot_2024_10k_v1,1023731,Irrelevant,d1882f3abb05bab7,fd9bae9ecb317d38,2024
25818a4511973edf,train,v1,grouped_source_cik_stratified_80_20_v1,20260315,pilot_2024_10k_v1,1023731,Irrelevant,354e9a1083e5db43,2bb6458fbc873a75,2024
4f0232342ed3c127,train,v1,grouped_source_cik_stratified_80_20_v1,20260315,expansion_2024_batch_02,1289308,Irrelevant,2f348a0a7ee9c429,2c69db72bc87f8a8,2024
2833f7c55d9374c3,train,v1,grouped_source_cik_stratified_80_20_v1,20260315,pilot_2024_10k_v1,1022408,Irrelevant,e4061a1a6eb08499,aed4464614539b7c,2024
2bd771db99cc65ba,train,v1,grouped_source_cik_stratified_80_20_v1,20260315,pilot_2024_10k_v1,1022408,Irrelevant,38b678e54deb2012,a7bf2b9e87a3b119,2024
7642cf8e5eae1781,train,v1,grouped_source_cik_stratified_80_20_v1,20260315,pilot_2024_10k_v1,1022408,Irrelevant,f93b1be25f259740,0d9f25676a8f1b16,2024
6422e367414c56c2,train,v1,grouped_source_cik_stratified_80_20_v1,20260315,pilot_2024_10k_v1,1022408,Irrelevant,9649f20501e9e1d1,ba52f28c3a5810ef,2024
7e67a1b9e5b96e36,train,v1,grouped_source_cik_stratified_80_20_v1,20260315,expansion_2024_batch_01,1022408,Irrelevant,ca23f0449f5a129b,a2807f10297ffdd0,2024
4f9dddb9d5546e62,train,v1,grouped_source_cik_stratified_80_20_v1,20260315,pilot_2024_10k_v1,103379,Irrelevant,acf3a25ab8df6603,b048029f1f9e0f1b,2024
7773035c12c19e77,train,v1,grouped_source_cik_stratified_80_20_v1,20260315,pilot_2024_10k_v1,103379,Irrelevant,040fcad7fa152e3a,523ad2a7f441aa85,2024
fc6239ff5e979d47,train,v1,grouped_source_cik_stratified_80_20_v1,20260315,expansion_2024_batch_01,103379,Speculative,205d8aea61df6222,409da91d5aa49178,2024
9de460b7da07aeed,train,v1,grouped_source_cik_stratified_80_20_v1,20260315,pilot_2024_10k_v1,103379,Irrelevant,84bbb856a21a42aa,a33eed56bfae75ed,2024
3184bbc2ef56f40b,train,v1,grouped_source_cik_stratified_80_20_v1,20260315,pilot_2024_10k_v1,103379,Irrelevant,0cc1b0cc678594ce,ffdaf9b6c1beb2f9,2024
6764eec804b29a6b,train,v1,grouped_source_cik_stratified_80_20_v1,20260315,pilot_2024_10k_v1,1037038,Actionable,ccfb1d275286ed9d,c90c026b550d849c,2024
41e2f2568cea48f5,train,v1,grouped_source_cik_stratified_80_20_v1,20260315,pilot_2024_10k_v1,1037038,Irrelevant,06db4ef454161729,1a2a92988d196318,2024
8b094124a8b7d91b,validation,v1,grouped_source_cik_stratified_80_20_v1,20260315,expansion_2024_batch_04,1433642,Irrelevant,fdf4e79ad354e26c,09af1110c60ff7a4,2024
4003aa82dc44af33,validation,v1,grouped_source_cik_stratified_80_20_v1,20260315,expansion_2024_batch_04,1433642,Irrelevant,88015886917f2f9d,3afae89e8a283303,2024
a9a01b7cf5a6d4a8,train,v1,grouped_source_cik_stratified_80_20_v1,20260315,expansion_2024_batch_04,1443646,Irrelevant,4a820fdedba29887,11b1fd5b330a7b6f,2024
8fb58aeb2bd8ede6,train,v1,grouped_source_cik_stratified_80_20_v1,20260315,expansion_2024_batch_04,1443646,Irrelevant,e92ca11baf07fb3c,e66899d6ba34e183,2024
743d206097233871,validation,v1,grouped_source_cik_stratified_80_20_v1,20260315,expansion_2024_batch_04,1411688,Speculative,0851b7eced8f98d4,55ccbfa2d30bdfe4,2024
58ad0db422d50d40,validation,v1,grouped_source_cik_stratified_80_20_v1,20260315,expansion_2024_batch_04,1411688,Irrelevant,771890fa111faa43,ac99fff70d730f62,2024
e9d909bd7afdfc8b,train,v1,grouped_source_cik_stratified_80_20_v1,20260315,pilot_2024_10k_v1,1041657,Irrelevant,73d7267458996684,34c7e30421aa4cc9,2024
37f979f1ab0efdb9,train,v1,grouped_source_cik_stratified_80_20_v1,20260315,pilot_2024_10k_v1,1041657,Irrelevant,0efccef0cf9a4c3a,fbcde97d8728db81,2024
7861bc9ee0819bd0,train,v1,grouped_source_cik_stratified_80_20_v1,20260315,pilot_2024_10k_v1,1041657,Irrelevant,07de0d13ea96666c,6e1ae2a66ffcff63,2024
ec7ea9f53687876a,train,v1,grouped_source_cik_stratified_80_20_v1,20260315,pilot_2024_10k_v1,1002047,Irrelevant,c105a130043af4c3,7e240b7935578b8e,2024
57d10d62c249722f,train,v1,grouped_source_cik_stratified_80_20_v1,20260315,expansion_2024_batch_01,1002047,Irrelevant,69a6c0ae8598a261,ccf1e76f97851276,2024
f51be60a9201fe72,train,v1,grouped_source_cik_stratified_80_20_v1,20260315,pilot_2024_10k_v1,1002047,Irrelevant,e6d42f0313a16988,6e333211558b9c85,2024
8530635328e2d797,train,v1,grouped_source_cik_stratified_80_20_v1,20260315,pilot_2024_10k_v1,1002047,Irrelevant,7a3de89f3d39f135,f2636d7aaef28f02,2024
95db85479afb8040,train,v1,grouped_source_cik_stratified_80_20_v1,20260315,pilot_2024_10k_v1,1002047,Irrelevant,c276a4d46eb7526a,5e2990d5dc0958f2,2024
fe0eecd611ca6f0b,train,v1,grouped_source_cik_stratified_80_20_v1,20260315,pilot_2024_10k_v1,1009759,Actionable,35bdeb42942c6dfb,02aa580e5d2dabc0,2024
b68d3f9e00a278b3,train,v1,grouped_source_cik_stratified_80_20_v1,20260315,pilot_2024_10k_v1,1009759,Actionable,6b24da832564e364,353bfa1f056bbb6a,2024
629fa76f56ef7c46,train,v1,grouped_source_cik_stratified_80_20_v1,20260315,pilot_2024_10k_v1,1009759,Irrelevant,c887638760a8a94b,2d7b059fc24edccb,2024
c3b772f6f64327ef,train,v1,grouped_source_cik_stratified_80_20_v1,20260315,pilot_2024_10k_v1,1009759,Irrelevant,e896e94ba48c7e62,e393d5d2ed6cd7d3,2024
aac18f1f7947be0b,validation,v1,grouped_source_cik_stratified_80_20_v1,20260315,pilot_2024_10k_v1,1015383,Actionable,3f569bd7e05ecb59,f169687dbaf86be8,2024
98b93a883f49b792,train,v1,grouped_source_cik_stratified_80_20_v1,20260315,expansion_2024_batch_02,1126741,Actionable,27d9ec984ad26309,766aae81aeadd31e,2024
dbc44c2fc032b4fa,train,v1,grouped_source_cik_stratified_80_20_v1,20260315,pilot_2024_10k_v1,1040130,Actionable,fe9c42c936c19b23,fe2555e85bcbbce7,2024
50995781b4f37c9c,train,v1,grouped_source_cik_stratified_80_20_v1,20260315,pilot_2024_10k_v1,1040130,Actionable,6fb296f8002c72ea,bb4d1dfd975fa807,2024
7c7440a6fa28f721,train,v1,grouped_source_cik_stratified_80_20_v1,20260315,pilot_2024_10k_v1,1040130,Speculative,68ad332ceed3db98,7b45456159827f54,2024
e20f398d689677aa,train,v1,grouped_source_cik_stratified_80_20_v1,20260315,expansion_2024_batch_04,14693,Irrelevant,cda07840fa9e18a8,9c327bb3a4536bab,2024
8d76ffcb1fcb0089,train,v1,grouped_source_cik_stratified_80_20_v1,20260315,expansion_2024_batch_03,1341439,Actionable,25aa0f87cec55786,72e417727dc2b7a5,2024
6aa22fe4ac66e37b,train,v1,grouped_source_cik_stratified_80_20_v1,20260315,expansion_2024_batch_03,1341439,Irrelevant,3c0bef7150a17b78,cf10ef64f6825324,2024
97d63e6c8eea2dc9,train,v1,grouped_source_cik_stratified_80_20_v1,20260315,expansion_2024_batch_03,1326205,Actionable,daaa2b2c419e2496,6f479d5ff9b6bbd5,2024
2f322af0431bcfe2,train,v1,grouped_source_cik_stratified_80_20_v1,20260315,expansion_2024_batch_01,107140,Irrelevant,62e2988e9eebfa7e,6d1bf68f6107c4a5,2024
5b5c44108be83da8,train,v1,grouped_source_cik_stratified_80_20_v1,20260315,pilot_2024_10k_v1,107140,Irrelevant,ae55d6cbdb0fa1cf,fab4cbc9496bab55,2024
0a20bcc556797ed2,train,v1,grouped_source_cik_stratified_80_20_v1,20260315,pilot_2024_10k_v1,107140,Irrelevant,11344ea2b9d09b9d,8e0c1a0c23956120,2024
d43218fd7f84191a,train,v1,grouped_source_cik_stratified_80_20_v1,20260315,pilot_2024_10k_v1,107140,Irrelevant,8a698edb2a8c313b,d59efd6008ed0f79,2024
67a29e2dca2631d7,train,v1,grouped_source_cik_stratified_80_20_v1,20260315,pilot_2024_10k_v1,107140,Irrelevant,6d8505c2d919855d,6751f2213022fe68,2024
d60fcf1bd3a5a503,train,v1,grouped_source_cik_stratified_80_20_v1,20260315,expansion_2024_batch_04,1429393,Speculative,fe05af09668c563d,20b85c0a2359ca36,2024
ac514dacbface285,train,v1,grouped_source_cik_stratified_80_20_v1,20260315,pilot_2024_10k_v1,1053369,Irrelevant,b648519e5e00a246,52e114c1565f55f6,2024
b7bcca38e8ccc3ff,train,v1,grouped_source_cik_stratified_80_20_v1,20260315,pilot_2024_10k_v1,1053369,Irrelevant,c1362a7d06c4c71d,5cc8b64fad37e76c,2024
7794865e606d9a47,train,v1,grouped_source_cik_stratified_80_20_v1,20260315,pilot_2024_10k_v1,1053369,Irrelevant,42b54953198518a5,ff886e4333dda290,2024
996a81edce9df6b7,train,v1,grouped_source_cik_stratified_80_20_v1,20260315,expansion_2024_batch_01,1053369,Irrelevant,87c326f7756fe3af,5be793fe3eaee767,2024
4ff6edd2c6ca477e,train,v1,grouped_source_cik_stratified_80_20_v1,20260315,expansion_2024_batch_01,1053369,Speculative,ad2d654935fdc8a0,a3dc4e38672d1e9a,2024
268ac367071de0a7,validation,v1,grouped_source_cik_stratified_80_20_v1,20260315,pilot_2024_10k_v1,1173204,Actionable,f4ee531efae47b5f,45f6ed7a688b7573,2024
26154ac2e0076574,train,v1,grouped_source_cik_stratified_80_20_v1,20260315,expansion_2024_batch_04,1868640,Irrelevant,207e918c8c115e48,99f1e4c6754c028b,2024
6e9c107b32c17f8b,train,v1,grouped_source_cik_stratified_80_20_v1,20260315,expansion_2024_batch_04,1868640,Speculative,99a01e0452e41400,86578f3fa27b57a1,2024
1c4d6f5afd399189,train,v1,grouped_source_cik_stratified_80_20_v1,20260315,expansion_2024_batch_03,1740797,Speculative,0a075d1f0c3794aa,142a0e9f1b65a377,2024
3f92f2985e19bff8,train,v1,grouped_source_cik_stratified_80_20_v1,20260315,expansion_2024_batch_02,1561880,Actionable,85dfc280f9326b1f,7237377a581ba204,2024
62b2dd501919e2b7,train,v1,grouped_source_cik_stratified_80_20_v1,20260315,expansion_2024_batch_03,1775734,Actionable,e9d961a8139407af,92ea65f1eacdf002,2024
0fddc829f60dd6b8,train,v1,grouped_source_cik_stratified_80_20_v1,20260315,expansion_2024_batch_04,1854583,Actionable,04d98e671b190930,067e8b992f07b8a2,2024
09188a18503f6509,train,v1,grouped_source_cik_stratified_80_20_v1,20260315,expansion_2024_batch_03,1811999,Actionable,be8e0961c2afb913,fa38856276b61c4d,2024
85f04cee619d3317,train,v1,grouped_source_cik_stratified_80_20_v1,20260315,expansion_2024_batch_04,1854275,Speculative,98d4d4d8518e4af0,7edb9df3f92123db,2024
ce9f6ed3537084d5,train,v1,grouped_source_cik_stratified_80_20_v1,20260315,expansion_2024_batch_04,1854275,Speculative,c80b978d151dd6ee,dff71cee3ce394ff,2024
70423165b715441b,validation,v1,grouped_source_cik_stratified_80_20_v1,20260315,pilot_2024_10k_v1,1048911,Actionable,705cbc51328b6f12,339387942e05f869,2024
616304ef5467c6e3,validation,v1,grouped_source_cik_stratified_80_20_v1,20260315,pilot_2024_10k_v1,1048911,Irrelevant,e147e5ba29f32e1c,7eb45d4b96daa1c2,2024
64cfea05e5abb87e,validation,v1,grouped_source_cik_stratified_80_20_v1,20260315,pilot_2024_10k_v1,1048911,Irrelevant,0dd208ca561b03db,9e2a6c2cc4f1eecf,2024
7598cdd1dc7647ff,validation,v1,grouped_source_cik_stratified_80_20_v1,20260315,expansion_2024_batch_01,1048911,Speculative,78396ddc85221989,651214eb4e1ffeee,2024
1efc335be9647d9e,validation,v1,grouped_source_cik_stratified_80_20_v1,20260315,expansion_2024_batch_01,1048911,Irrelevant,078327143dc4972a,a58baed6dcd3a106,2024
98c50baf6f6271ea,train,v1,grouped_source_cik_stratified_80_20_v1,20260315,expansion_2024_batch_02,1438461,Speculative,e65f490dbe214fd0,ccc8193682a181c9,2024
f0f8765a11dc0169,train,v1,grouped_source_cik_stratified_80_20_v1,20260315,expansion_2024_batch_04,1883788,Speculative,756b0be841313802,3cc18ca2011dccdb,2024
38a851b2f3441ac1,train,v1,grouped_source_cik_stratified_80_20_v1,20260315,expansion_2024_batch_04,1883788,Speculative,d600a7a509e87c8b,375ab51b3e2a5524,2024
2e089187d18691ec,train,v1,grouped_source_cik_stratified_80_20_v1,20260315,expansion_2024_batch_02,1437491,Actionable,54f213b1599442f3,287d401941ddcb45,2024
ec6f3c3c11b47671,train,v1,grouped_source_cik_stratified_80_20_v1,20260315,expansion_2024_batch_02,1437491,Speculative,f49a12ea9939be40,967687d0bb695513,2024
e818526dc57f9e4f,train,v1,grouped_source_cik_stratified_80_20_v1,20260315,expansion_2024_batch_04,1911545,Speculative,9988636d186ccbba,ee56555fd15f3dcb,2024
2d5a057739614e74,train,v1,grouped_source_cik_stratified_80_20_v1,20260315,pilot_2024_10k_v1,1084765,Irrelevant,ae48b97d23ee96dd,e75f1e4e171a46b0,2024
a1e396dc01533080,train,v1,grouped_source_cik_stratified_80_20_v1,20260315,pilot_2024_10k_v1,1084765,Irrelevant,d161ccae40231e91,f482fce5476c36f8,2024
1d1f663367ff39c8,train,v1,grouped_source_cik_stratified_80_20_v1,20260315,pilot_2024_10k_v1,1084765,Irrelevant,1bea5dbe5bd2ec33,741266b3c48810d0,2024
045c3acfb9534907,train,v1,grouped_source_cik_stratified_80_20_v1,20260315,expansion_2024_batch_01,1084765,Irrelevant,209d75dc20c02e38,d1d02efc98456623,2024
0adb1753b4ea6ab8,train,v1,grouped_source_cik_stratified_80_20_v1,20260315,expansion_2024_batch_03,1679273,Irrelevant,b17e6357fee1e0a6,302d770b79df2a38,2024
3fd781710a03aa13,train,v1,grouped_source_cik_stratified_80_20_v1,20260315,pilot_2024_10k_v1,110621,Irrelevant,fc2d777e227acd41,4e039fb633b1d6f3,2024
b1d98c3c97265a84,train,v1,grouped_source_cik_stratified_80_20_v1,20260315,pilot_2024_10k_v1,110621,Irrelevant,99ce20ade5798e1c,f97713828a227775,2024
2417899902f5b1bc,train,v1,grouped_source_cik_stratified_80_20_v1,20260315,expansion_2024_batch_01,1275187,Speculative,2d6c1c435db29198,454ed85b65dca9ee,2024
951de13cf7a0d17e,train,v1,grouped_source_cik_stratified_80_20_v1,20260315,expansion_2024_batch_03,1674440,Speculative,d38d63101c892048,b8624ba1392be54d,2024
0a7c9a02346e9453,train,v1,grouped_source_cik_stratified_80_20_v1,20260315,expansion_2024_batch_04,1869601,Speculative,de7a2364171cb6fb,f4c6a0e9299f82f2,2024
900375e961fa31d8,train,v1,grouped_source_cik_stratified_80_20_v1,20260315,expansion_2024_batch_02,1414767,Irrelevant,5b69e070faf7992a,5c4fb3929b23ff89,2024
18b177a18bf8b187,validation,v1,grouped_source_cik_stratified_80_20_v1,20260315,expansion_2024_batch_02,1468492,Speculative,34d06356daa007a3,70b6f4928980d60b,2024
65dc4ddb286ecc44,validation,v1,grouped_source_cik_stratified_80_20_v1,20260315,expansion_2024_batch_02,1468492,Speculative,0e2e68bd8562f3b6,082716d41316ac19,2024
9c5e5c4bee96aa17,train,v1,grouped_source_cik_stratified_80_20_v1,20260315,expansion_2024_batch_04,1980295,Speculative,bcdf4cf456ac3822,d5a61f033fbc7cd3,2024
31d7ff815abcdda4,train,v1,grouped_source_cik_stratified_80_20_v1,20260315,pilot_2024_10k_v1,1040470,Irrelevant,39bf0ccd3e7c90b2,da19f38754ae52a5,2024
c07741224bbe8709,train,v1,grouped_source_cik_stratified_80_20_v1,20260315,pilot_2024_10k_v1,1040470,Speculative,dc0580767312ca26,f2494a83b36f7d59,2024
7709ba80e2cb0671,train,v1,grouped_source_cik_stratified_80_20_v1,20260315,pilot_2024_10k_v1,1002638,Actionable,be9c48c98e0bc106,5937ff0221d4e585,2024
c0b09bc2dc0001b8,train,v1,grouped_source_cik_stratified_80_20_v1,20260315,pilot_2024_10k_v1,1002638,Speculative,d769ac11df5ee687,a9aa6bada46ea67e,2024
1b6d01c1bc37b5cc,train,v1,grouped_source_cik_stratified_80_20_v1,20260315,expansion_2024_batch_01,1002638,Irrelevant,66d211b36c70d370,3d7c6711918c1248,2024
195ced0677d15c83,train,v1,grouped_source_cik_stratified_80_20_v1,20260315,pilot_2024_10k_v1,1002638,Irrelevant,c43b486be251c4da,999b0f8a26d50ed3,2024
f587b68ffec7ec5b,train,v1,grouped_source_cik_stratified_80_20_v1,20260315,pilot_2024_10k_v1,1137789,Irrelevant,de3a16c50d1a8a8d,36fa5843212ee7ed,2024
04c7039933b959aa,train,v1,grouped_source_cik_stratified_80_20_v1,20260315,pilot_2024_10k_v1,1137789,Speculative,c76d591489724f5f,913809f1167e9f9d,2024
92d6be46433abf3a,train,v1,grouped_source_cik_stratified_80_20_v1,20260315,expansion_2024_batch_01,1137789,Actionable,15703eee3e0eb10a,708a2b67e92a486d,2024
d6dd4d5527fce28b,train,v1,grouped_source_cik_stratified_80_20_v1,20260315,pilot_2024_10k_v1,1137789,Irrelevant,060b0df5778e7f4c,1c2e7ea4ffbfa483,2024
6928207909adc8f7,train,v1,grouped_source_cik_stratified_80_20_v1,20260315,expansion_2024_batch_02,1591698,Irrelevant,ca448bf6a21b6cd6,77f90537eff7b750,2024
11ab4a5634d5a6aa,validation,v1,grouped_source_cik_stratified_80_20_v1,20260315,expansion_2024_batch_04,1968487,Irrelevant,c93ad2aa52db7109,d113359cc9c84ae8,2024
09af7ff7f5cc2e61,validation,v1,grouped_source_cik_stratified_80_20_v1,20260315,pilot_2024_10k_v1,1157408,Irrelevant,2a6eb6e63df9d78c,e9123bcb3f4365be,2024
a085d7f7cda9b033,validation,v1,grouped_source_cik_stratified_80_20_v1,20260315,pilot_2024_10k_v1,1157408,Irrelevant,c0d0657b6f8638ba,b60b85b58d6f70c5,2024
d3cf31dc4a8a45f5,validation,v1,grouped_source_cik_stratified_80_20_v1,20260315,pilot_2024_10k_v1,1157408,Irrelevant,16e92c1f7488b12d,e585d540d12f5a8e,2024
38facb658e4e672c,validation,v1,grouped_source_cik_stratified_80_20_v1,20260315,expansion_2024_batch_01,1157408,Irrelevant,00cf3a33066f8f08,233a1b2970715413,2024
d812ea1a63333584,train,v1,grouped_source_cik_stratified_80_20_v1,20260315,expansion_2024_batch_03,1754301,Irrelevant,bbc78321f33c403a,75495f2d48a5e6c8,2024
e48da8f67563649d,train,v1,grouped_source_cik_stratified_80_20_v1,20260315,expansion_2024_batch_03,1754301,Irrelevant,314d4039f96e3700,c65e784a7230d022,2024
3764b68c3bfb1dc2,train,v1,grouped_source_cik_stratified_80_20_v1,20260315,pilot_2024_10k_v1,1262976,Speculative,8b151475e113cbbb,c19af888e34bbbfd,2024
5a3af946c343366a,train,v1,grouped_source_cik_stratified_80_20_v1,20260315,pilot_2024_10k_v1,1262976,Irrelevant,36ffcd1df5193498,5f8e4825f1a9d411,2024
f9484d6db84040b2,train,v1,grouped_source_cik_stratified_80_20_v1,20260315,expansion_2024_batch_01,1262976,Irrelevant,62437e3ceb8b0c8c,4c016cdb9ac67c91,2024
e38f2eb58f88f7a1,train,v1,grouped_source_cik_stratified_80_20_v1,20260315,pilot_2024_10k_v1,1262976,Actionable,ceb49137948bbb57,29267b0f10363c90,2024
5d190be0789ac09d,train,v1,grouped_source_cik_stratified_80_20_v1,20260315,pilot_2024_10k_v1,1049521,Speculative,0f3a68dc61830fcf,383e8d5ab0e13327,2024
4ff44418ae47c261,train,v1,grouped_source_cik_stratified_80_20_v1,20260315,pilot_2024_10k_v1,1049521,Irrelevant,2888164a66156d56,7b4296d178436bf2,2024
9c616baf3be0bc69,validation,v1,grouped_source_cik_stratified_80_20_v1,20260315,pilot_2024_10k_v1,1101680,Speculative,ca56440bff7fcc85,7c44e804593971db,2024
b55acd5feab73ee7,validation,v1,grouped_source_cik_stratified_80_20_v1,20260315,expansion_2024_batch_01,1101680,Irrelevant,03c5f1b90a671cea,1ac864078db115bb,2024
54fd02f16b4edddc,validation,v1,grouped_source_cik_stratified_80_20_v1,20260315,pilot_2024_10k_v1,1101680,Actionable,66d3411e9fcbc960,79be043ea5b67684,2024
2681119ba1f2fb80,train,v1,grouped_source_cik_stratified_80_20_v1,20260315,expansion_2024_batch_02,1564708,Actionable,f233cfa1e8291d6d,20bb4edc717a0be4,2024
61f794b52729b410,train,v1,grouped_source_cik_stratified_80_20_v1,20260315,expansion_2024_batch_02,1564708,Irrelevant,419fdbf98110897b,d423d52d4255c97a,2024
f9032bf043b8ad4d,train,v1,grouped_source_cik_stratified_80_20_v1,20260315,expansion_2024_batch_04,1897982,Actionable,5f6b580ed07f29ba,73957ca721bb4912,2024
d0d9f2a3ca8539a5,train,v1,grouped_source_cik_stratified_80_20_v1,20260315,expansion_2024_batch_02,1618673,Irrelevant,d1c4317baf81cdd9,ad18007d64fd18b1,2024
acc7a72f2b21cd29,train,v1,grouped_source_cik_stratified_80_20_v1,20260315,expansion_2024_batch_02,1618673,Speculative,4f1511a12f5bdd80,e862f7cb8ca089f0,2024
012872fb0537f778,validation,v1,grouped_source_cik_stratified_80_20_v1,20260315,pilot_2024_10k_v1,1116132,Speculative,8841c17407b5b230,ded422c2fb7a9d2c,2024
90d32aa19f808030,validation,v1,grouped_source_cik_stratified_80_20_v1,20260315,pilot_2024_10k_v1,1116132,Actionable,4cfe063e5307470e,771a47d6f87c37a3,2024
13176f7edd2d3985,train,v1,grouped_source_cik_stratified_80_20_v1,20260315,pilot_2024_10k_v1,1175680,Actionable,da9f961f9907c720,c1f8f552168cf16f,2024
a827c7a911160091,train,v1,grouped_source_cik_stratified_80_20_v1,20260315,pilot_2024_10k_v1,1175680,Speculative,ce5203970952e52e,a8463c9c7b9e624c,2024
ac02060f8baed47a,train,v1,grouped_source_cik_stratified_80_20_v1,20260315,expansion_2024_batch_01,12659,Actionable,68d5a0bab802b180,49499002ff1eceb2,2024
8596e847ef4af894,validation,v1,grouped_source_cik_stratified_80_20_v1,20260315,expansion_2024_batch_04,1930021,Irrelevant,a2b7405477a63e44,1c32051a095aa220,2024
57ba1c2d4ad02dda,train,v1,grouped_source_cik_stratified_80_20_v1,20260315,pilot_2024_10k_v1,1078271,Irrelevant,acffdeed363374fd,27eb77c871154fa1,2024
f84eade8ba696ebb,train,v1,grouped_source_cik_stratified_80_20_v1,20260315,pilot_2024_10k_v1,1078271,Irrelevant,92d7a4efa997721a,452280dc78cb5f81,2024
06facc49f2907a85,train,v1,grouped_source_cik_stratified_80_20_v1,20260315,pilot_2024_10k_v1,1078271,Irrelevant,4bce668c0b711765,d29ba27f26a5ab50,2024
adad418a42d333ed,train,v1,grouped_source_cik_stratified_80_20_v1,20260315,pilot_2024_10k_v1,109563,Actionable,b88bfe92c5bb63ed,4dd7713ed5019597,2024
e4461010cdb788bf,train,v1,grouped_source_cik_stratified_80_20_v1,20260315,expansion_2024_batch_03,1650372,Irrelevant,7a3f8a7292675346,c3a4a8bf052b236e,2024
b44759883d79bf90,train,v1,grouped_source_cik_stratified_80_20_v1,20260315,expansion_2024_batch_03,1650372,Irrelevant,1e5538d7c3a5163f,2fb38412de376a6e,2024
c834b8491c10e88c,train,v1,grouped_source_cik_stratified_80_20_v1,20260315,pilot_2024_10k_v1,1001250,Irrelevant,f51b2e75e05fd5cc,89841042492ba48a,2024
9bb1bb41bfe264de,train,v1,grouped_source_cik_stratified_80_20_v1,20260315,pilot_2024_10k_v1,1001250,Irrelevant,519dd47fadcb6574,d9e93d51f01f9aa8,2024
b0d0c6c264256cec,train,v1,grouped_source_cik_stratified_80_20_v1,20260315,pilot_2024_10k_v1,1024305,Irrelevant,74a299f2addd5438,4401f87331f51fb7,2024
d33767a76d0572b4,train,v1,grouped_source_cik_stratified_80_20_v1,20260315,pilot_2024_10k_v1,1024305,Irrelevant,7a38c03dfc07c3e5,24486867be24df31,2024
26c16e94dab6c75e,train,v1,grouped_source_cik_stratified_80_20_v1,20260315,pilot_2024_10k_v1,106040,Actionable,018d846d170a631b,5c80e4060c820f6f,2024
d6ba7cb74b1d5333,train,v1,grouped_source_cik_stratified_80_20_v1,20260315,pilot_2024_10k_v1,1117297,Irrelevant,31d44f1187e75a0e,baaf303f164483ae,2024
d2479864edff065e,train,v1,grouped_source_cik_stratified_80_20_v1,20260315,pilot_2024_10k_v1,1117297,Irrelevant,a1239ab60f6c8a18,77bfddf1d62548d1,2024
1010c16a49bda6f2,train,v1,grouped_source_cik_stratified_80_20_v1,20260315,expansion_2024_batch_01,1299709,Irrelevant,5ffefefe5e98ac2a,d911193894e1cc87,2024
7f1896c47d4ca9c3,train,v1,grouped_source_cik_stratified_80_20_v1,20260315,expansion_2024_batch_01,1299709,Irrelevant,2600d45f47c6f383,0b7e8bedcafc0f95,2024
4205a08f13e4a521,train,v1,grouped_source_cik_stratified_80_20_v1,20260315,expansion_2024_batch_03,1639825,Irrelevant,99c23721eeee24bf,0d4c911128abe264,2024
0596c94ec03753f1,train,v1,grouped_source_cik_stratified_80_20_v1,20260315,expansion_2024_batch_02,1511737,Irrelevant,89d56eb85991eded,72252d2427817486,2024
a7d196fa3aeda925,train,v1,grouped_source_cik_stratified_80_20_v1,20260315,expansion_2024_batch_02,1511737,Irrelevant,ddc2f632f99536eb,ecdab7931cfb9b44,2024
2e8039eb0677d6d4,train,v1,grouped_source_cik_stratified_80_20_v1,20260315,expansion_2024_batch_03,1786352,Speculative,11bdd6c401a53dec,2989eaa72efa6a0d,2024
16ba9c9ab424c76e,train,v1,grouped_source_cik_stratified_80_20_v1,20260315,expansion_2024_batch_03,1786352,Irrelevant,02678ea9592092bb,ebad45c555f327e8,2024
58e6dd2aeebc44b0,train,v1,grouped_source_cik_stratified_80_20_v1,20260315,expansion_2024_batch_02,1565687,Speculative,7eda1b37b73a2972,5e502bd0bb0caf8c,2024
92eebee445453be7,train,v1,grouped_source_cik_stratified_80_20_v1,20260315,expansion_2024_batch_02,1565687,Actionable,7e49234e05b97d3a,8a07f102afa93987,2024
3cb8a4858508d73e,train,v1,grouped_source_cik_stratified_80_20_v1,20260315,expansion_2024_batch_04,1820953,Actionable,50ac96c21e71a379,3dd9e11b79881833,2024
c9841f2ca2fde0d8,train,v1,grouped_source_cik_stratified_80_20_v1,20260315,pilot_2024_10k_v1,1144879,Irrelevant,e746075b5927cd4f,4437264cbedc1050,2024
72560b44b4e1838b,train,v1,grouped_source_cik_stratified_80_20_v1,20260315,pilot_2024_10k_v1,1144879,Irrelevant,ac636f4e7987a936,e462388d023e9932,2024
7f52d7c1fc8f7d9b,train,v1,grouped_source_cik_stratified_80_20_v1,20260315,pilot_2024_10k_v1,1165320,Actionable,21aa1f3d514ee8c1,b23ca792972b41e7,2024
4b5ad8180e342c2a,train,v1,grouped_source_cik_stratified_80_20_v1,20260315,pilot_2024_10k_v1,1165320,Actionable,00a5b8e8dea993e7,cf66f8d2d6d8db37,2024
4f240e993686d58c,train,v1,grouped_source_cik_stratified_80_20_v1,20260315,pilot_2024_10k_v1,1084869,Irrelevant,bfa9bf530734bc00,bf88c2cc751ade45,2024
67f7b2e65090c4b5,train,v1,grouped_source_cik_stratified_80_20_v1,20260315,pilot_2024_10k_v1,1084869,Irrelevant,1e007d9f47cd35d3,8156ed2f09901e06,2024
05437c5eddbfccfe,train,v1,grouped_source_cik_stratified_80_20_v1,20260315,expansion_2024_batch_02,1327567,Actionable,b52ddcae933c38dc,a9756334990e848f,2024
5b47bcbd1929603c,train,v1,grouped_source_cik_stratified_80_20_v1,20260315,expansion_2024_batch_02,1327567,Actionable,e2df4d3a834cff5f,cbe91fcbbd394e63,2024
5b97de0b91208ab5,train,v1,grouped_source_cik_stratified_80_20_v1,20260315,pilot_2024_10k_v1,1114925,Actionable,287abcec1af8d277,914f9050df27f9ac,2024
9c956c61feaa04c2,train,v1,grouped_source_cik_stratified_80_20_v1,20260315,pilot_2024_10k_v1,1114925,Irrelevant,74beb06eeed453a8,40c9e36f4ceeb0bf,2024
e54138b6f8feae32,train,v1,grouped_source_cik_stratified_80_20_v1,20260315,pilot_2024_10k_v1,1066194,Speculative,fedfe3187920d8f2,3612c869966c95d5,2024
87c41ca24d837d19,train,v1,grouped_source_cik_stratified_80_20_v1,20260315,pilot_2024_10k_v1,1066194,Actionable,f56ab734121fb557,293be806e19efa23,2024
4082407e3f816907,train,v1,grouped_source_cik_stratified_80_20_v1,20260315,expansion_2024_batch_01,1066194,Speculative,02bc89e19a5de123,332662bc70176fea,2024
f8eac77624dc6b7e,train,v1,grouped_source_cik_stratified_80_20_v1,20260315,pilot_2024_10k_v1,1066194,Actionable,906c95296df36359,1516269f680e2948,2024
e751fe971e42723d,train,v1,grouped_source_cik_stratified_80_20_v1,20260315,expansion_2024_batch_01,1066194,Irrelevant,6eb59a61d063fec8,cd9c25318b12b982,2024
ee3945ef26cc898f,validation,v1,grouped_source_cik_stratified_80_20_v1,20260315,expansion_2024_batch_03,1713683,Actionable,647f0c7cb3e2c61b,4ad7ad84bec2de22,2024
d7ebee615b24bf3d,validation,v1,grouped_source_cik_stratified_80_20_v1,20260315,expansion_2024_batch_03,1713683,Irrelevant,8602f8f6e1bcf77f,9ce736c21dc201ef,2024
00b7f669d50a2cec,train,v1,grouped_source_cik_stratified_80_20_v1,20260315,expansion_2024_batch_03,1720420,Speculative,49fac59fad5624d3,8f7c2b3c235112cc,2024
0440697d7197c29f,train,v1,grouped_source_cik_stratified_80_20_v1,20260315,expansion_2024_batch_03,1720420,Irrelevant,a26d35db453f03b6,d560e1ce41dcf6ab,2024
b270512ed828f24a,train,v1,grouped_source_cik_stratified_80_20_v1,20260315,pilot_2024_10k_v1,1088413,Actionable,7d4c06804162eb57,685a61fbaebe411f,2024
54d18d0dd7c53d4e,train,v1,grouped_source_cik_stratified_80_20_v1,20260315,expansion_2024_batch_03,1794783,Irrelevant,081929443683dc85,7e3f5d2d03a5c545,2024
5b40dd9c221b3adf,validation,v1,grouped_source_cik_stratified_80_20_v1,20260315,expansion_2024_batch_02,1528396,Irrelevant,328a0eccbd1b9f58,04bbec12a8686207,2024
48b7153169db92f0,validation,v1,grouped_source_cik_stratified_80_20_v1,20260315,expansion_2024_batch_02,1528396,Irrelevant,0b27b81f17819ce2,16f6ff23ff3ac189,2024
d522fa6678753181,train,v1,grouped_source_cik_stratified_80_20_v1,20260315,pilot_2024_10k_v1,1158780,Speculative,4044f8fbbe6f29d9,c03489ada9215da1,2024
cc102f3703f48fb4,train,v1,grouped_source_cik_stratified_80_20_v1,20260315,pilot_2024_10k_v1,1158780,Actionable,bec69e7585057a2b,99cd8a2b52dbe300,2024
20431c52eb5e2d43,train,v1,grouped_source_cik_stratified_80_20_v1,20260315,pilot_2024_10k_v1,1138723,Irrelevant,4c2bb8f7a08aea59,f6bc6a41d8a12141,2024
4f4b7c1581f7ae94,train,v1,grouped_source_cik_stratified_80_20_v1,20260315,pilot_2024_10k_v1,1138723,Irrelevant,d252ff1c11600e78,65051542781cbb0a,2024
c6bf3ba766590acb,train,v1,grouped_source_cik_stratified_80_20_v1,20260315,pilot_2024_10k_v1,1138723,Irrelevant,b58a2e6fd93f7613,70c8d84df2ae1f93,2024
238df58bd81d0dd4,train,v1,grouped_source_cik_stratified_80_20_v1,20260315,expansion_2024_batch_02,1618732,Irrelevant,41703e53d1735be6,1b4e2f98b3047845,2024
d6fd436569477e1e,train,v1,grouped_source_cik_stratified_80_20_v1,20260315,expansion_2024_batch_02,1618732,Irrelevant,e8772f827144121e,c6b463b44a5c53be,2024
e0616e18ee577432,train,v1,grouped_source_cik_stratified_80_20_v1,20260315,expansion_2024_batch_03,16732,Irrelevant,aeffa0bfebe177bc,23136e4388438eb2,2024
664ac1c908e0538b,train,v1,grouped_source_cik_stratified_80_20_v1,20260315,pilot_2024_10k_v1,1001907,Speculative,3529591ea2a0bbbc,f1809dae49b0d170,2024
f88df2ac0d8ae86b,train,v1,grouped_source_cik_stratified_80_20_v1,20260315,expansion_2024_batch_02,1420720,Speculative,743516ddbc4914f6,513bf57a68102fe9,2024
0a204a32529b71a6,train,v1,grouped_source_cik_stratified_80_20_v1,20260315,expansion_2024_batch_03,1631282,Speculative,8a0339e49d0ce74a,a1d49dd3783b6781,2024
fba9975d12491d64,train,v1,grouped_source_cik_stratified_80_20_v1,20260315,pilot_2024_10k_v1,1009759,Irrelevant,fae387ca12ccb00f,f95c90b2a160312a,2024
c862649e9b77fa21,train,v1,grouped_source_cik_stratified_80_20_v1,20260315,pilot_2024_10k_v1,1067294,Irrelevant,294111bdc978a5b3,fa7b75e8471d2cd0,2024
79f844e364bac6d0,train,v1,grouped_source_cik_stratified_80_20_v1,20260315,expansion_2024_batch_03,1748137,Irrelevant,ea855b22da6f5698,86e30baf77544f2d,2024
3c61314b3a9e4834,train,v1,grouped_source_cik_stratified_80_20_v1,20260315,expansion_2024_batch_03,1748137,Speculative,57bbc4610c7ee9a1,f85e1a194dba8f51,2024
532edda957519ae1,train,v1,grouped_source_cik_stratified_80_20_v1,20260315,expansion_2024_batch_04,1853044,Speculative,0c8dcbaf7805e875,21c69a2f44102bde,2024
fe0660c06a63aecb,train,v1,grouped_source_cik_stratified_80_20_v1,20260315,expansion_2024_batch_04,1853044,Irrelevant,544b853c1d464a8a,a57a0ade29fc4291,2024
ef317e2dd6ee95a3,train,v1,grouped_source_cik_stratified_80_20_v1,20260315,pilot_2024_10k_v1,1039280,Actionable,a928348797a55919,4d0e8ae19df6dfd7,2024
080d8e630f672dba,train,v1,grouped_source_cik_stratified_80_20_v1,20260315,pilot_2024_10k_v1,1039280,Actionable,6744ed920df1f2bd,d72a3d3c0bff138f,2024
92284b09c6b991de,train,v1,grouped_source_cik_stratified_80_20_v1,20260315,expansion_2024_batch_01,1039280,Speculative,ea281298e07d9e15,e18a897c70ae7ef7,2024
4d717c142875e259,train,v1,grouped_source_cik_stratified_80_20_v1,20260315,expansion_2024_batch_03,1728328,Irrelevant,2cb5607541475f09,ec1b43225da7664d,2024
fa6686c240746c14,train,v1,grouped_source_cik_stratified_80_20_v1,20260315,expansion_2024_batch_03,1811115,Irrelevant,4061bef776a732e7,1ae3125c3bab734e,2024
8f512e90a42938cb,train,v1,grouped_source_cik_stratified_80_20_v1,20260315,expansion_2024_batch_03,1811115,Irrelevant,0b89241b0708f23e,60d148c7c7b660fa,2024
edae0c0aeccc3250,validation,v1,grouped_source_cik_stratified_80_20_v1,20260315,expansion_2024_batch_04,1885849,Speculative,7929d04e0d64b134,5b97868746484b40,2024
04d776162e758b60,train,v1,grouped_source_cik_stratified_80_20_v1,20260315,expansion_2024_batch_02,1377789,Irrelevant,a3e0b5d1d6d3581b,ef1d73c9e8aad440,2024
cd54c7ac43293246,validation,v1,grouped_source_cik_stratified_80_20_v1,20260315,expansion_2024_batch_02,1481504,Irrelevant,1ad8bd720700623c,b40b5dfe60a92d0c,2024
5f33da566a302435,validation,v1,grouped_source_cik_stratified_80_20_v1,20260315,expansion_2024_batch_02,1481504,Speculative,80cf4a6334cba61a,651530af1c99b2c8,2024
b1e5349c599f6c07,validation,v1,grouped_source_cik_stratified_80_20_v1,20260315,expansion_2024_batch_02,1381871,Actionable,dcde81fe3f10bb3b,9afecdf4ecfade2c,2024
994c146072778035,train,v1,grouped_source_cik_stratified_80_20_v1,20260315,expansion_2024_batch_04,1978111,Speculative,fe9604dcc3691410,0dc287cb0af14f91,2024
e574f720ec83c9a4,train,v1,grouped_source_cik_stratified_80_20_v1,20260315,expansion_2024_batch_04,1978111,Speculative,7c3bc0ff7f98b447,075bdd86b01069b9,2024
7b0b679a7a75bda9,train,v1,grouped_source_cik_stratified_80_20_v1,20260315,expansion_2024_batch_02,1467373,Speculative,caaa6a080244e626,c732439d7a458d6c,2024
931bc9c1680d844c,train,v1,grouped_source_cik_stratified_80_20_v1,20260315,expansion_2024_batch_02,1467373,Irrelevant,7f10f8ee3723fa75,b59958e953b5b95f,2024
a04c418c97d55071,train,v1,grouped_source_cik_stratified_80_20_v1,20260315,expansion_2024_batch_02,1527728,Irrelevant,64dc8f5471a93775,7fe1d755e32531b0,2024
e72270756fd00d6c,train,v1,grouped_source_cik_stratified_80_20_v1,20260315,expansion_2024_batch_02,1527728,Irrelevant,da3c8807081ab232,c3eabd732121df49,2024
f2cdcbd529f98499,train,v1,grouped_source_cik_stratified_80_20_v1,20260315,pilot_2024_10k_v1,1121795,Actionable,bf3125d8212cf786,0c27cb1c7c372703,2024
3d6747b83d2de7be,train,v1,grouped_source_cik_stratified_80_20_v1,20260315,pilot_2024_10k_v1,1121795,Actionable,05bc0110ab115d6a,a310fdf756b89c0b,2024
b39bae1a80bcaf0b,train,v1,grouped_source_cik_stratified_80_20_v1,20260315,pilot_2024_10k_v1,1121795,Speculative,85b48e60981175e7,2809c4b05b89be0a,2024
a2f62c550256c64e,train,v1,grouped_source_cik_stratified_80_20_v1,20260315,pilot_2024_10k_v1,1005731,Actionable,de38be7dfa393948,7cae86e56354e532,2024
12979cd488809993,train,v1,grouped_source_cik_stratified_80_20_v1,20260315,pilot_2024_10k_v1,1005731,Actionable,a6d17d220588733f,3b8919c29cc95f81,2024
c870ee88e66617a1,train,v1,grouped_source_cik_stratified_80_20_v1,20260315,pilot_2024_10k_v1,1005731,Irrelevant,d869708a2ea32183,4d0480237edbb4e8,2024
a1a64f0ead6aacbe,validation,v1,grouped_source_cik_stratified_80_20_v1,20260315,expansion_2024_batch_02,1422892,Actionable,f03e33b476355454,895d46eabd403d65,2024
03957beda3c9ac86,train,v1,grouped_source_cik_stratified_80_20_v1,20260315,pilot_2024_10k_v1,1281845,Actionable,fa8cc57b62577ea6,5da576a4c68ac8e5,2024
1a36e3f27feadcae,train,v1,grouped_source_cik_stratified_80_20_v1,20260315,pilot_2024_10k_v1,1281845,Irrelevant,e225415201321bc0,47ed1241480711eb,2024
6b546f14272a285e,train,v1,grouped_source_cik_stratified_80_20_v1,20260315,pilot_2024_10k_v1,1281845,Irrelevant,68f66c20583974c9,9ce337bf474cacdb,2024
fc1dfa2f5d88c82d,train,v1,grouped_source_cik_stratified_80_20_v1,20260315,pilot_2024_10k_v1,1281845,Irrelevant,70c36da6519df66f,b619ce19c7257228,2024
5a4d93d3444fc72a,train,v1,grouped_source_cik_stratified_80_20_v1,20260315,pilot_2024_10k_v1,1003078,Actionable,74d1445e01c67f62,d77316245e8843cb,2024
e76d9a50ad104e61,train,v1,grouped_source_cik_stratified_80_20_v1,20260315,pilot_2024_10k_v1,1003078,Speculative,9bc0132047e5932a,b4b9c16da403fa25,2024
564fbf7dbdfebfae,train,v1,grouped_source_cik_stratified_80_20_v1,20260315,pilot_2024_10k_v1,1003078,Irrelevant,6e0be07c32163d02,9cf23fbb2b0b35a5,2024
dd69362ff52a7caf,train,v1,grouped_source_cik_stratified_80_20_v1,20260315,expansion_2024_batch_02,1616533,Irrelevant,11c2d53a739fe9d7,b2c74dfe54c5c05b,2024
ecefa070a45e4e23,train,v1,grouped_source_cik_stratified_80_20_v1,20260315,expansion_2024_batch_02,1616533,Actionable,e8670325d27532fe,6e18bb1e8d0a3def,2024
7044956aa9ec841d,train,v1,grouped_source_cik_stratified_80_20_v1,20260315,expansion_2024_batch_04,2013807,Actionable,41473310ab8ca80d,413761af992cb0fe,2024
eded9fa6fe02fe3e,train,v1,grouped_source_cik_stratified_80_20_v1,20260315,expansion_2024_batch_04,2013807,Speculative,2dea731bdc0737c5,d007cfff04da39d9,2024
bfa7af8c919cb616,train,v1,grouped_source_cik_stratified_80_20_v1,20260315,pilot_2024_10k_v1,1144215,Actionable,17672cb9f90e7c7e,31ea826a1743cc34,2024
144f8ad662f13faa,train,v1,grouped_source_cik_stratified_80_20_v1,20260315,pilot_2024_10k_v1,1144215,Irrelevant,708f6d02b93180a7,3ed5299622612197,2024
633ca5847161ca12,train,v1,grouped_source_cik_stratified_80_20_v1,20260315,pilot_2024_10k_v1,1144215,Irrelevant,d8007d443464fe5c,fcccc27bb3c3a50c,2024
88d5b1d8902858e8,train,v1,grouped_source_cik_stratified_80_20_v1,20260315,expansion_2024_batch_01,1144215,Irrelevant,7058d4003e2d8370,313307d55c03de55,2024
88254a1aff9954d7,train,v1,grouped_source_cik_stratified_80_20_v1,20260315,expansion_2024_batch_01,1144215,Irrelevant,080ad47ed5211ae8,343fe12e03df9644,2024
0a1097c672a23465,train,v1,grouped_source_cik_stratified_80_20_v1,20260315,expansion_2024_batch_01,1013237,Actionable,b4bd5cdec7d2bbb1,7e5505f5e74f1563,2024
79a195f696761266,train,v1,grouped_source_cik_stratified_80_20_v1,20260315,expansion_2024_batch_01,1013237,Actionable,8f826c637464aab1,65e8639fd140e8b3,2024
aff3da94f05eb470,train,v1,grouped_source_cik_stratified_80_20_v1,20260315,pilot_2024_10k_v1,1013237,Irrelevant,16259216fa2cd2e2,80c60ed19914383b,2024
bdc16a75cd98794c,train,v1,grouped_source_cik_stratified_80_20_v1,20260315,pilot_2024_10k_v1,1013237,Irrelevant,9fa78924d46ee6cb,0d3976cd9050c32d,2024
36aefc3edf3bb200,train,v1,grouped_source_cik_stratified_80_20_v1,20260315,pilot_2024_10k_v1,1013237,Irrelevant,38493deb18f4e330,fc71ec213f3bf872,2024
932c56e4ee8aa3c2,train,v1,grouped_source_cik_stratified_80_20_v1,20260315,expansion_2024_batch_03,1667313,Actionable,5e184f5bcd507729,b60210793df808a4,2024
15fc510bdd9de3be,train,v1,grouped_source_cik_stratified_80_20_v1,20260315,expansion_2024_batch_03,1667313,Irrelevant,ae0eb66037508636,acf9c1a8d1249fc1,2024
d965e2352c30b586,train,v1,grouped_source_cik_stratified_80_20_v1,20260315,pilot_2024_10k_v1,1023459,Actionable,313b596367136daf,094ea0f31264ec33,2024
d5a9265796043ac6,train,v1,grouped_source_cik_stratified_80_20_v1,20260315,pilot_2024_10k_v1,1023459,Actionable,2a54c025562c6063,ac2172730de5332c,2024
d7230c465daaae8f,train,v1,grouped_source_cik_stratified_80_20_v1,20260315,pilot_2024_10k_v1,1023459,Actionable,45bb9ac08a7a4c42,9d4ceba89835e992,2024
743bea01efb4d041,train,v1,grouped_source_cik_stratified_80_20_v1,20260315,pilot_2024_10k_v1,1041803,Irrelevant,6df10678e6e1e0fd,cfea235b632e694d,2024
69ca051b3bef9636,train,v1,grouped_source_cik_stratified_80_20_v1,20260315,pilot_2024_10k_v1,1041803,Irrelevant,ef63b02ae4cb4880,4d3c997e37637c82,2024
280f7853f1b004ff,train,v1,grouped_source_cik_stratified_80_20_v1,20260315,expansion_2024_batch_01,1041803,Actionable,fd8569a78b266333,247131f46cae5de9,2024
75af7203065c62aa,train,v1,grouped_source_cik_stratified_80_20_v1,20260315,pilot_2024_10k_v1,1041803,Speculative,b1e14eb63d877562,cdf032a69e0f2c7d,2024
16da72192277f54e,train,v1,grouped_source_cik_stratified_80_20_v1,20260315,pilot_2024_10k_v1,1260221,Irrelevant,84eea7153e5af622,f4cdcf2b77b8981d,2024
aca2b9d28a292b43,train,v1,grouped_source_cik_stratified_80_20_v1,20260315,pilot_2024_10k_v1,1260221,Irrelevant,fa915073397443a7,379737652b0e4d54,2024
942f852025ea8429,train,v1,grouped_source_cik_stratified_80_20_v1,20260315,pilot_2024_10k_v1,1260221,Irrelevant,281f206c9831e18d,f5381843e003a4a0,2024
fad07bb38126c5f2,train,v1,grouped_source_cik_stratified_80_20_v1,20260315,expansion_2024_batch_03,1772177,Irrelevant,97ebfd47cc9f4616,04d01f149d298a7a,2024
b20fd8e21c06b400,validation,v1,grouped_source_cik_stratified_80_20_v1,20260315,pilot_2024_10k_v1,100493,Irrelevant,1069c59f19e6d217,3ff182b4ca3bbb41,2024
74f5759b1ed12777,train,v1,grouped_source_cik_stratified_80_20_v1,20260315,pilot_2024_10k_v1,1024478,Irrelevant,703392a7a93ad117,00828b3b63e3c083,2024
da0103c067ea2570,train,v1,grouped_source_cik_stratified_80_20_v1,20260315,pilot_2024_10k_v1,1024478,Irrelevant,f7e27ca89aa43046,8207338de9bee427,2024
04ae3d206103e05d,train,v1,grouped_source_cik_stratified_80_20_v1,20260315,pilot_2024_10k_v1,1024478,Irrelevant,2d6d2dad24c86c1b,8d389996ae67d3ed,2024
bd2238fbee89c539,validation,v1,grouped_source_cik_stratified_80_20_v1,20260315,expansion_2024_batch_02,1385157,Actionable,9ff3a54dcf4d9d8a,dba22100d2d1b73b,2024
522e3a953ac967fd,validation,v1,grouped_source_cik_stratified_80_20_v1,20260315,expansion_2024_batch_02,1385157,Irrelevant,8c7f9541a4ed26f4,671a4c26b3816aec,2024
d34ebe594fadc279,train,v1,grouped_source_cik_stratified_80_20_v1,20260315,expansion_2024_batch_03,1644378,Irrelevant,fc6b9fef1ae394f7,3e19a2abc37f0541,2024
f9fd64883e5adf26,train,v1,grouped_source_cik_stratified_80_20_v1,20260315,expansion_2024_batch_03,1644378,Irrelevant,4f26dbccd1aa7e90,b30c61a09c7efd17,2024
79f2eba9d3736c3f,train,v1,grouped_source_cik_stratified_80_20_v1,20260315,expansion_2024_batch_04,32604,Irrelevant,68d830f34adac7f7,9382a8beccee3f1d,2024
490e18d3b51ae520,train,v1,grouped_source_cik_stratified_80_20_v1,20260315,expansion_2024_batch_04,38777,Irrelevant,660dedb1355ee528,1c349fdb4e222e6d,2024
9ac52f49ed06bae7,train,v1,grouped_source_cik_stratified_80_20_v1,20260315,expansion_2024_batch_02,1403161,Actionable,20b030e55092cd77,6733a83969a8b464,2024
99cdb83684005ace,train,v1,grouped_source_cik_stratified_80_20_v1,20260315,expansion_2024_batch_02,1403161,Irrelevant,a0dba283dc68cb47,18ca581d5d4509cc,2024
5f4dc88dca97f4d4,validation,v1,grouped_source_cik_stratified_80_20_v1,20260315,expansion_2024_batch_04,46765,Irrelevant,fe490146e1f744d3,f67d469d4331d811,2024
b8dc4f6bac4034a0,train,v1,grouped_source_cik_stratified_80_20_v1,20260315,pilot_2024_10k_v1,1074828,Actionable,ce3dc00ff0034739,a948973a612472fe,2024
eb56e926107a23ea,train,v1,grouped_source_cik_stratified_80_20_v1,20260315,pilot_2024_10k_v1,1074828,Actionable,cb9347e7d69630e8,8b78b1b9274229e6,2024
07c34a8e945a5789,train,v1,grouped_source_cik_stratified_80_20_v1,20260315,pilot_2024_10k_v1,1074828,Speculative,1e386b12ad7a4b0c,6d70b94b211bc6ca,2024
ae7545b96263b569,train,v1,grouped_source_cik_stratified_80_20_v1,20260315,expansion_2024_batch_02,1368458,Irrelevant,f1f2912f71962b5f,43ef7c483478a735,2024
7ed4bf8c20e9c81f,train,v1,grouped_source_cik_stratified_80_20_v1,20260315,expansion_2024_batch_02,1368458,Irrelevant,bda273cd9bcc43ed,68553dc7f191b71b,2024
447ea096c7f30efe,train,v1,grouped_source_cik_stratified_80_20_v1,20260315,expansion_2024_batch_02,1376986,Irrelevant,3ba14ff6fd0db9f9,a6c95119c684826d,2024
769aac6e06369a78,train,v1,grouped_source_cik_stratified_80_20_v1,20260315,expansion_2024_batch_02,1376986,Irrelevant,96c74e70275856bb,04b898e149616048,2024
b4387c21f39c6c7e,train,v1,grouped_source_cik_stratified_80_20_v1,20260315,expansion_2024_batch_03,1744489,Irrelevant,8243a2c9b7624224,7714431970933c73,2024
75919da3ce91be78,train,v1,grouped_source_cik_stratified_80_20_v1,20260315,expansion_2024_batch_03,1744489,Irrelevant,cb559704d7994ebe,07b590753fc34572,2024
41792830449778ba,train,v1,grouped_source_cik_stratified_80_20_v1,20260315,expansion_2024_batch_01,1314727,Irrelevant,aa396bffd7e4f158,99ce2ca22a270576,2024
a60fe02b849a66c6,train,v1,grouped_source_cik_stratified_80_20_v1,20260315,expansion_2024_batch_01,1314727,Irrelevant,a3f5bd4d9d31198b,4e8386ad9586ad8b,2024
16cf06f2ca802a94,train,v1,grouped_source_cik_stratified_80_20_v1,20260315,expansion_2024_batch_02,1530950,Irrelevant,a6bb699310917c4d,b908e3d7a9e17fbb,2024
848836a40b22a071,train,v1,grouped_source_cik_stratified_80_20_v1,20260315,expansion_2024_batch_02,1530950,Irrelevant,a18ca6febe50aada,fd11c4a4cfb79e12,2024
691019462fccd741,train,v1,grouped_source_cik_stratified_80_20_v1,20260315,expansion_2024_batch_04,4127,Speculative,6785abe9fed3071d,39449328e3599301,2024
273dee4547765cb6,train,v1,grouped_source_cik_stratified_80_20_v1,20260315,expansion_2024_batch_04,4127,Speculative,6687ff9d0220c3c1,56d4b9898455985d,2024
4a57142986d53242,train,v1,grouped_source_cik_stratified_80_20_v1,20260315,pilot_2024_10k_v1,1048695,Actionable,3f3b36c1e77ea6f4,3d5aec763fe54df7,2024
7ee76409a5f3c861,train,v1,grouped_source_cik_stratified_80_20_v1,20260315,pilot_2024_10k_v1,1048695,Speculative,fb140caa6d93e088,4dd72611cd3892f7,2024
e4c12ef6cddce3b7,train,v1,grouped_source_cik_stratified_80_20_v1,20260315,expansion_2024_batch_01,1048695,Irrelevant,96016d41d2f11183,54abffde3c1e908e,2024
76203de0f851283c,train,v1,grouped_source_cik_stratified_80_20_v1,20260315,pilot_2024_10k_v1,1048695,Irrelevant,55981c2006d55044,475b0501d5fdd355,2024
0445e440354bb868,train,v1,grouped_source_cik_stratified_80_20_v1,20260315,pilot_2024_10k_v1,1048695,Irrelevant,c4ff077f09c627e3,d0fdde7a7daa26ce,2024
204d49871d39041b,train,v1,grouped_source_cik_stratified_80_20_v1,20260315,expansion_2024_batch_02,1581280,Irrelevant,71ff3649be7862a6,490defaa8bfe82fc,2024
ca1f843f674806b5,train,v1,grouped_source_cik_stratified_80_20_v1,20260315,expansion_2024_batch_02,1581280,Irrelevant,533a9503b1535dbb,fd6485d7c353212e,2024
d6300652596bf472,train,v1,grouped_source_cik_stratified_80_20_v1,20260315,expansion_2024_batch_03,1670541,Irrelevant,ca8c6a7091844ed4,8ce2c5d6dadeeaa3,2024
0c5ad0a86f6fe08e,train,v1,grouped_source_cik_stratified_80_20_v1,20260315,expansion_2024_batch_03,1670541,Irrelevant,b3697b0f4439f563,b1cb84edd079dddb,2024
a8ea097045b48c71,train,v1,grouped_source_cik_stratified_80_20_v1,20260315,expansion_2024_batch_01,1308547,Speculative,ab4796b0d8a14bcb,0e3d5ff849f2d217,2024
99c00a5cd7aa96f9,train,v1,grouped_source_cik_stratified_80_20_v1,20260315,expansion_2024_batch_01,1308547,Irrelevant,63739f50b9062f44,eebf663deaf10730,2024
db6f488850693e1e,train,v1,grouped_source_cik_stratified_80_20_v1,20260315,expansion_2024_batch_02,1406587,Irrelevant,84ab2d02980d84e6,e167a3bdcd919342,2024
a571c873acdd09f6,train,v1,grouped_source_cik_stratified_80_20_v1,20260315,expansion_2024_batch_02,1417398,Irrelevant,521c0c30521bdf6e,33876b43f9bfcddd,2024
c4946a629e488fc9,validation,v1,grouped_source_cik_stratified_80_20_v1,20260315,expansion_2024_batch_02,1584509,Irrelevant,ce0859e446d82819,ca1f5fd209686d02,2024
0cf4db214573fd44,validation,v1,grouped_source_cik_stratified_80_20_v1,20260315,expansion_2024_batch_03,1632790,Irrelevant,6c6177bef2ec34ac,df306579a2ffa400,2024
3737af597d9e9be9,validation,v1,grouped_source_cik_stratified_80_20_v1,20260315,expansion_2024_batch_03,1681622,Irrelevant,60ef3609a925d0c7,f6bc0b01b2d1a439,2024
8354a05e827dcba0,train,v1,grouped_source_cik_stratified_80_20_v1,20260315,pilot_2024_10k_v1,1071840,Irrelevant,2a37bdb85f871d56,89dbe9912de80af6,2024
c501ab0c87e5c96f,train,v1,grouped_source_cik_stratified_80_20_v1,20260315,pilot_2024_10k_v1,1126956,Irrelevant,44ad87c1331080e8,e318afc2596128a3,2024
8fb857b3e8b06fa0,train,v1,grouped_source_cik_stratified_80_20_v1,20260315,expansion_2024_batch_02,16040,Irrelevant,d273144a622a8f91,0aa8c750db254000,2024
bfe6c7bf99fdaf1c,validation,v1,grouped_source_cik_stratified_80_20_v1,20260315,expansion_2024_batch_03,1782754,Irrelevant,7f9b17337b091620,fd210fa71fbd3d20,2024
7765ca7c5ca1e427,validation,v1,grouped_source_cik_stratified_80_20_v1,20260315,expansion_2024_batch_03,1782754,Irrelevant,abc2ff1c34f1ca70,15aa7ad278f1f837,2024
68600e0595202588,train,v1,grouped_source_cik_stratified_80_20_v1,20260315,pilot_2024_10k_v1,1032220,Irrelevant,f76820592072c34f,df917941ca21f736,2024
aeae03e5ceb75dd3,train,v1,grouped_source_cik_stratified_80_20_v1,20260315,pilot_2024_10k_v1,1032220,Irrelevant,6d95bf45f9dbcc7a,50175f6565772af5,2024
f89a4870963d8af4,train,v1,grouped_source_cik_stratified_80_20_v1,20260315,expansion_2024_batch_01,1032220,Irrelevant,adeea36c21e60bd7,65499c28efd0b680,2024
39187522415dac0d,train,v1,grouped_source_cik_stratified_80_20_v1,20260315,pilot_2024_10k_v1,1032220,Irrelevant,7dc238aecb170538,8a2fa1e4b9a3e01c,2024
8cbccb343681e937,train,v1,grouped_source_cik_stratified_80_20_v1,20260315,expansion_2024_batch_01,1319161,Irrelevant,1f8b0485c3003835,e3264f37af9ff510,2024
792a06288a5b7e4d,validation,v1,grouped_source_cik_stratified_80_20_v1,20260315,expansion_2024_batch_04,2969,Irrelevant,d681c8ba621364a0,581e8dfd74ad2c9f,2024
e11479b2c3c5519d,train,v1,grouped_source_cik_stratified_80_20_v1,20260315,pilot_2024_10k_v1,1140859,Irrelevant,dfad15052f5b5f66,06f469544b5a8009,2024
14e0d815d14cc2c7,train,v1,grouped_source_cik_stratified_80_20_v1,20260315,pilot_2024_10k_v1,1005210,Irrelevant,48b0cf14d1f8a765,544f3912c243c30c,2024
aa5569a865658a62,train,v1,grouped_source_cik_stratified_80_20_v1,20260315,pilot_2024_10k_v1,1005210,Irrelevant,7d75bea3fd883d72,f1f04486634e3f6d,2024
5473129aad8b933a,train,v1,grouped_source_cik_stratified_80_20_v1,20260315,pilot_2024_10k_v1,1005210,Irrelevant,2cac5b9d8ec6c684,7a9771503d333b2a,2024
ef81b7fcdfcca362,train,v1,grouped_source_cik_stratified_80_20_v1,20260315,pilot_2024_10k_v1,10795,Irrelevant,8d889440643298e4,4180b262a80bcbd9,2024
ea992ace72120c58,train,v1,grouped_source_cik_stratified_80_20_v1,20260315,pilot_2024_10k_v1,10795,Irrelevant,6c391dbfae4ef60a,4327c5cb58dc6bf5,2024
0fd73d4818c98591,train,v1,grouped_source_cik_stratified_80_20_v1,20260315,pilot_2024_10k_v1,10795,Irrelevant,2ed4b5a257a72a7c,3002e54b341de158,2024
2f7e62089d45f3cb,validation,v1,grouped_source_cik_stratified_80_20_v1,20260315,pilot_2024_10k_v1,1127475,Irrelevant,5fb5714a5746ea68,ed47fd9b76731494,2024
740f73fd375e5dd9,validation,v1,grouped_source_cik_stratified_80_20_v1,20260315,pilot_2024_10k_v1,1127475,Irrelevant,f76a03b396ae421e,7ee3039ee8e724b6,2024
32500455d58c5de9,validation,v1,grouped_source_cik_stratified_80_20_v1,20260315,pilot_2024_10k_v1,1127475,Irrelevant,465176414e66e7e6,22c3ed400026f61f,2024
f76a1f0f63c3f40c,validation,v1,grouped_source_cik_stratified_80_20_v1,20260315,pilot_2024_10k_v1,1127475,Irrelevant,37391911dc5ed4a8,4441551769cbc4f2,2024
f80b422b797cd7e7,validation,v1,grouped_source_cik_stratified_80_20_v1,20260315,expansion_2024_batch_01,1127475,Irrelevant,4b6b7dcb0fdeabd0,f0facd10d49bef44,2024
204fc5a9fe94f801,validation,v1,grouped_source_cik_stratified_80_20_v1,20260315,expansion_2024_batch_01,1127475,Irrelevant,d2a31ddcb9b0e1a1,3b5da479f3133708,2024
8d58b7d108bd3264,validation,v1,grouped_source_cik_stratified_80_20_v1,20260315,pilot_2024_10k_v1,1069533,Irrelevant,82a85f151bb825b1,9b7378617715961b,2024
7b16b9f22ef21394,train,v1,grouped_source_cik_stratified_80_20_v1,20260315,expansion_2024_batch_03,1772921,Irrelevant,468ca46f7a0b239f,2838b41139e622c8,2024
5a52a717d1e3d7b4,train,v1,grouped_source_cik_stratified_80_20_v1,20260315,pilot_2024_10k_v1,1145255,Actionable,4a98a4e32ca195a3,09aade61bd571b76,2024
b3fee80cd24c02c5,train,v1,grouped_source_cik_stratified_80_20_v1,20260315,pilot_2024_10k_v1,1145255,Actionable,1115ec03c32d0373,969d48a43b388efc,2024
de136282e62d9b71,train,v1,grouped_source_cik_stratified_80_20_v1,20260315,expansion_2024_batch_04,1872789,Irrelevant,c26bbf47c18bc825,fc14348e78f50c33,2024
8cef2a894ce30ba6,train,v1,grouped_source_cik_stratified_80_20_v1,20260315,expansion_2024_batch_04,1872789,Irrelevant,5fe3b4dc174f5e73,a177abfb23dda591,2024
06e4a242574e7ec2,validation,v1,grouped_source_cik_stratified_80_20_v1,20260315,pilot_2024_10k_v1,1235468,Actionable,8bd32dfa29895b71,4ac660a2a15857cb,2024
b845933935dac1e0,validation,v1,grouped_source_cik_stratified_80_20_v1,20260315,pilot_2024_10k_v1,1235468,Irrelevant,47cfc5fc30d5ce90,8da39f1df68f4a4d,2024
577044eeda5ded1a,validation,v1,grouped_source_cik_stratified_80_20_v1,20260315,pilot_2024_10k_v1,1235468,Irrelevant,e505bd762ac18657,be684a2131356e58,2024
9a4e358fce029ec0,train,v1,grouped_source_cik_stratified_80_20_v1,20260315,expansion_2024_batch_04,27673,Irrelevant,696553bd333f48b7,2162cef9c948b4d2,2024
82385463c9262af3,train,v1,grouped_source_cik_stratified_80_20_v1,20260315,expansion_2024_batch_04,315189,Irrelevant,8146591e32a4d97a,dcd81d2f7e2cd754,2024
b6cb8c3d5c18bc3d,train,v1,grouped_source_cik_stratified_80_20_v1,20260315,pilot_2024_10k_v1,1022505,Irrelevant,05a858f4a32096af,c480c6cd191962da,2024
12802548d5e73388,train,v1,grouped_source_cik_stratified_80_20_v1,20260315,pilot_2024_10k_v1,1022505,Irrelevant,8ea5d9a6d032ed24,5723e3bbbf13f4e6,2024
277c9047dade9e45,train,v1,grouped_source_cik_stratified_80_20_v1,20260315,pilot_2024_10k_v1,1022505,Irrelevant,dbeb9af8e7666002,389b91eb765f5fb2,2024
4fd1e8d473275b4f,train,v1,grouped_source_cik_stratified_80_20_v1,20260315,expansion_2024_batch_04,2011286,Irrelevant,7654d5c9d54e06c4,55c2cb39e126f125,2024
bdbbe55ae622b398,train,v1,grouped_source_cik_stratified_80_20_v1,20260315,expansion_2024_batch_04,2011286,Irrelevant,d11b52b25a6e2658,0593b953f9bed547,2024
d1a443f06e6875f2,train,v1,grouped_source_cik_stratified_80_20_v1,20260315,expansion_2024_batch_03,1645590,Irrelevant,588aa798ec7517b6,cb978aa19c083dd5,2024
6f15e2a8c8fc4786,train,v1,grouped_source_cik_stratified_80_20_v1,20260315,expansion_2024_batch_03,1645590,Irrelevant,b4195d0d074c5a97,947c86b0ba93a112,2024
f78c59d77435080f,train,v1,grouped_source_cik_stratified_80_20_v1,20260315,expansion_2024_batch_03,1826000,Irrelevant,ba8c5eae9553ed2b,47b923a18521d481,2024
22e73f630feab377,train,v1,grouped_source_cik_stratified_80_20_v1,20260315,pilot_2024_10k_v1,1090872,Irrelevant,db7962bda330be8d,841859972dfe8f1c,2024
9682b11a05fae1e7,train,v1,grouped_source_cik_stratified_80_20_v1,20260315,pilot_2024_10k_v1,1090872,Irrelevant,f0007e6281be6724,b5d6a5db714ae3df,2024
cb62adead31e9350,train,v1,grouped_source_cik_stratified_80_20_v1,20260315,pilot_2024_10k_v1,1090872,Irrelevant,79b31f73a6d02d90,c597ad856e4fb8c2,2024
783343a1e7fee59d,train,v1,grouped_source_cik_stratified_80_20_v1,20260315,expansion_2024_batch_03,1730168,Speculative,87596aae320fbb32,26a26a2b316eb20e,2024
356713394f2ca053,train,v1,grouped_source_cik_stratified_80_20_v1,20260315,expansion_2024_batch_03,1730168,Actionable,8df3e66e9603e7d7,a4ddb3a0c454a01d,2024
55cc80734374fdbe,validation,v1,grouped_source_cik_stratified_80_20_v1,20260315,expansion_2024_batch_02,1378590,Actionable,cec708a4a5d22601,904251981cc84beb,2024
a85fbc1d59d9a1fe,validation,v1,grouped_source_cik_stratified_80_20_v1,20260315,expansion_2024_batch_02,1378590,Actionable,acd60507faa4fa01,decae28c35a52350,2024
6f14a124157d5bf1,train,v1,grouped_source_cik_stratified_80_20_v1,20260315,expansion_2024_batch_04,2016167,Actionable,b5c8399bb55eccda,5982367024858dfb,2024
