irr_item_id,sample_id,batch_row_id,sentence_id,sentence,source_cik,source_year,source_form,source_file,sentence_index,ff12_code,ff12_name,label,rater1_label,rater2_label,rater2_note
396f8e326cdb60aa,76e8fb7950b162a1,76e8fb7950b162a1,816a6659cda5c994,"We may not be able to sufficiently mitigate or detect any of the foregoing limitations or risks given the lack of experience with using AI/ML methods in our business, the pace of technological change, and rapid adoption of AI/ML by our business partners and competitors.",1026214,2024,10-K,2024/QTR1/20240214_10-K_edgar_data_1026214_0001026214-24-000025.txt,12,11,Money,Irrelevant,Irrelevant,,
2333b8bbae8df8f4,0250c1e22accd397,0250c1e22accd397,0aa31ee48081a32b,"He has strong expertise in cyber security, AI, modeling and simulation and has chaired sessions at symposiums on these subjects.",1051343,2024,10-K,2024/QTR2/20240408_10-K_edgar_data_1051343_0001140361-24-018439.txt,1,12,Other,Actionable,Actionable,,
11deafd3377a8d03,04d98e671b190930,04d98e671b190930,0fddc829f60dd6b8,"Additionally, Mr. Bordes currently serves as a director for (i) Logiq, Inc. (OTC: LGIQ), a U.S.-based advertising technology company and significant stockholder of the Company, (ii) GoLogiq, Inc. (OTC: GOLQ), a U.S.-based global provider of fintech and consumer data analytics, (iii) Beasley Broadcast Group (Nasdaq: BBGI), a public media and digital broadcast company providing music, news, sports information and entertainment to over 19 million listeners from 63 stations across the U.S., (iv) Kubient (Nasdaq: KBNT), a cloud advertising platform, where he previously served as its CEO and led the company's IPO and listing on NASDAQ, and (v) Fraud.net, a leading AI powered collective intelligence fraud prevention, risk mitigation cloud infrastructure platform for the real-time economy.",1854583,2024,10-K,2024/QTR3/20240710_10-K_edgar_data_1854583_0001213900-24-060521.txt,6,12,Other,Actionable,Actionable,,
9879400a69df3c21,0c6b5ba6e134138a,0c6b5ba6e134138a,0c2ae121eed3686e,"We specifically focus on members with anxiety, depression and/or substance use disorder(s) by using AI and predictive modeling, applying claims-based analytics to identify health plan members with medical costs that may be impacted through behavioral health treatment with the Ontrak program.",1136174,2024,10-K,2024/QTR2/20240416_10-K_edgar_data_1136174_0001628280-24-016456.txt,7,12,Other,Actionable,Actionable,,
f9afac5d57d4101a,1115ec03c32d0373,1115ec03c32d0373,b3fee80cd24c02c5,The portfolio managers seek exposure to companies that score well on ESG metrics and that the portfolio managers believe will outperform based on ML/AI models.,1145255,2024,10-K,2024/QTR4/20241211_10-K_edgar_data_1145255_0001437749-24-037244.txt,2,12,Other,Actionable,Actionable,,
8dd8777ca30d4005,20b030e55092cd77,20b030e55092cd77,9ac52f49ed06bae7,"Finally, Visa Risk Manager with scheme agnostic Visa Advanced Authorization is a comprehensive AI-powered fraud risk management solution.",1403161,2024,10-K,2024/QTR4/20241113_10-K_edgar_data_1403161_0001403161-24-000058.txt,3,12,Other,Actionable,Actionable,,
da580c83c181c045,21aa1f3d514ee8c1,21aa1f3d514ee8c1,7f52d7c1fc8f7d9b,"The Company's innovative technology uses machine learning to describe how multi-component plant-based medicines have been effective as therapies for thousands of years and, more importantly, to predict new and better possible drug candidates using generative AI.",1165320,2024,10-K,2024/QTR3/20240830_10-K_edgar_data_1165320_0001437749-24-028160.txt,3,12,Other,Actionable,Actionable,,
e77bf411c92f03d1,28af718f2c357dcf,28af718f2c357dcf,34aca2a32b491539,"We use artificial intelligence in our products and services which may result in operational challenges, legal liability, reputational concerns and competitive risks.",1351636,2024,10-K,2024/QTR2/20240401_10-K_edgar_data_1351636_0000950170-24-039479.txt,14,12,Other,Actionable,Actionable,,
1c9251ea2f1e3274,3c7d2b750c420ba9,3c7d2b750c420ba9,8699dbc438962a53,"Web Security Engine, an AI-driven tool that makes decisions aided by advanced heuristics and 24 7 analysts; covers 82 threat categories, including web threats such as phishing, fraud.",1068689,2024,10-K,2024/QTR2/20240417_10-K_edgar_data_1068689_0001493152-24-014964.txt,1,12,Other,Actionable,Actionable,,
6a72fc07451c5bd8,3ef1fa78bd85a505,3ef1fa78bd85a505,691ff1fda84f8181,We have been and expect to continue to use artificial intelligence AI in our solutions that support our business.,1005757,2024,10-K,2024/QTR1/20240216_10-K_edgar_data_1005757_0000950170-24-016286.txt,7,12,Other,Actionable,Actionable,,
45bd86334b5a4e72,40bde3bec3a3f3b9,40bde3bec3a3f3b9,66956e3fc78f9b03,"We are in the early stages of implementing our plan for the construction and operation of clean-energy-powered data centers to lease to large enterprise information technology (IT) customers that are creating or addressing the growing demand for AI, Cloud and High-Performance Computing (HPC) digital services.",1174891,2024,10-K,2024/QTR2/20240409_10-K_edgar_data_1174891_0001493152-24-014061.txt,1,12,Other,Actionable,Actionable,,
024297e81b8cb4dc,41473310ab8ca80d,41473310ab8ca80d,7044956aa9ec841d,"32 We have integrated, and may continue to integrate in the future, open-source AI algorithms in certain tools and features available on our platform.",2013807,2024,10-K,2024/QTR4/20241024_10-K_edgar_data_2013807_0001213900-24-090457.txt,9,12,Other,Actionable,Actionable,,
ffedb9462e84d4d4,50ac96c21e71a379,50ac96c21e71a379,3cb8a4858508d73e,"Further, we use AI/ML in many aspects of our business, including fraud, credit risk analysis, consumer support and product personalization.",1820953,2024,10-K,2024/QTR3/20240828_10-K_edgar_data_1820953_0001820953-24-000035.txt,5,12,Other,Actionable,Actionable,,
a68453b3b335e6cd,5e184f5bcd507729,5e184f5bcd507729,932c56e4ee8aa3c2,"In fiscal 2023, we introduced pAInt, a generative AI wallpaper maker in the Zedge App.",1667313,2024,10-K,2024/QTR4/20241029_10-K_edgar_data_1667313_0001213900-24-091735.txt,2,12,Other,Actionable,Actionable,,
75b771819a154b65,668a597a28db5dd6,668a597a28db5dd6,df4e05a0ddc72b7c,Overview Iveda specializes in AI and digital transformation technologies with real-world applications that improve quality of life and safety worldwide.,1397183,2024,10-K,2024/QTR2/20240401_10-K_edgar_data_1397183_0001493152-24-012417.txt,1,12,Other,Actionable,Actionable,,
93482f17dba4e72c,6744ed920df1f2bd,6744ed920df1f2bd,080d8e630f672dba,"At NETSOL, we specialize in harnessing the transformative power of Generative AI to drive innovative solutions and powerful outcomes for businesses.",1039280,2024,10-K,2024/QTR3/20240930_10-K_edgar_data_1039280_0001493152-24-038751.txt,4,12,Other,Actionable,Actionable,,
492dc161d9467f77,6fb296f8002c72ea,6fb296f8002c72ea,50995781b4f37c9c,"Their telehealth services,, powered by AI-driven AskVet, are being expanded across the organization, further enriching our member service offerings.",1040130,2024,10-K,2024/QTR2/20240614_10-K_edgar_data_1040130_0001040130-24-000046.txt,2,12,Other,Actionable,Actionable,,
8b17e3468ddc4cfe,77342759203bcd77,77342759203bcd77,6489b2d76fe80847,"This Infrastructure-as-a-Service (IaaS) enables use cases including backups, multi-cloud, application storage, ransomware protection, and storage for AI/ML workflows.",1462056,2024,10-K,2024/QTR2/20240401_10-K_edgar_data_1462056_0001462056-24-000033.txt,1,12,Other,Actionable,Actionable,,
811143c7d3b7df3a,7e49234e05b97d3a,7e49234e05b97d3a,92eebee445453be7,"Our solutions help firms reduce regulatory, financial, and reputational risk through workflow and automation, AI, predictive analytics, and rules-based risk scoring.",1565687,2024,10-K,2024/QTR3/20240826_10-K_edgar_data_1565687_0000950170-24-100587.txt,22,12,Other,Actionable,Actionable,,
2d35e50d075b61e4,81f006d27c13d90d,81f006d27c13d90d,23ea0c95926e4359,"The Company's Cylance AI and machine learning-based platform consists of CylanceENDPOINT , CylanceGUARD , CylanceEDGE , CylanceINTELLIGENCE and other cybersecurity applications.",1070235,2024,10-K,2024/QTR2/20240404_10-K_edgar_data_1070235_0001070235-24-000057.txt,13,12,Other,Actionable,Actionable,,
30800c922b72d436,8841c17407b5b230,8841c17407b5b230,012872fb0537f778,"For example, we will continue to enhance certain of our machine learning models to improve our customer capture and segmentation capabilities.",1116132,2024,10-K,2024/QTR3/20240815_10-K_edgar_data_1116132_0001116132-24-000018.txt,1,12,Other,Actionable,Actionable,,
c28c48457924ec10,8bd32dfa29895b71,8bd32dfa29895b71,06e4a242574e7ec2,We are investing significant resources in: Our marketplace user experiences; Upgrading our sellers tools to be fully mobile-responsive; Developing industry-specific asset upload templates making it easier to sell on our marketplaces; and Leveraging generative AI and other automation technologies to create efficiencies across the enterprise.,1235468,2024,10-K,2024/QTR4/20241212_10-K_edgar_data_1235468_0000950170-24-135700.txt,4,12,Other,Actionable,Actionable,,
34dd4069e0f51361,8f826c637464aab1,8f826c637464aab1,79a195f696761266,"During fiscal 2024, we implemented specialized programming to upskill employees in Generative AI, adopting a tailored approach that catered to varying levels of existing knowledge, ranging from offering foundational insights into GenAI concepts to providing advanced technical training aimed at equipping our engineers with the knowledge to develop cutting-edge GenAI products.",1013237,2024,10-K,2024/QTR4/20241029_10-K_edgar_data_1013237_0001013237-24-000141.txt,6,12,Other,Actionable,Actionable,,
a26bd6c97ff02f85,9be87e4075bcb0ff,9be87e4075bcb0ff,b0d5deb1c7e12578,Marketing Edge leverages conversational intelligence with generative AI to form a comprehensive marketing attribution and conversation data solution.,1224133,2024,10-K,2024/QTR2/20240401_10-K_edgar_data_1224133_0000950170-24-038807.txt,6,12,Other,Actionable,Actionable,,
07128f55eee65089,a6d17d220588733f,a6d17d220588733f,12979cd488809993,"BOSS Money's growth strategy includes: Expansion of our international payout network with a focus on certain popular destinations in Africa and Asia; Expansion of origination beyond the United States and Canada to the United Kingdom and, potentially over the longer term, to European countries with large immigrant populations; Continued migration of our BOSS Revolution and IDT Digital Payments customers from competitors to BOSS Money; Further enhancement to our BOSS Money app, BOSS Revolution app and retailer portal; Increasing the number of BOSS Money retail agents; and Addition of new features and offerings. net2phone net2phone's revenues were 82.3 million in fiscal 2024 compared to 72.4 million in fiscal 2023. net2phone's income from operations was 1.7 million in fiscal 2024 compared to loss from operations of 2.8 million in fiscal 2023. net2phone enables its customers to transform their communications by leveraging its cloud platform to provide solutions that enable more intelligent, flexible and adaptive communications. net2phone operates in the United States, Canada, Mexico, Central and South America and Spain. net2phone's offerings include: Unified Communications as a Service (UCaaS): net2phone's Unite branded UCaaS service utilizes its cloud platform to provide conversational continuity across channels from any connected device tethered or mobile and to measure, manage and analyze those communications for enhanced insight and productivity. net2phone provides its UCaaS customers that convert from on-premise PBXs with advanced Internet Protocol, or IP, desktop phones and/or with a bring-your-own-device solution accessed through its integrated web portal and through net2phone's mobile app. net2phone's UCaaS service includes multi-channel communications with voice management features, unlimited domestic and international calling to over 40 countries, robust messaging and chat tools, voicemail to email transcription, client analytics, AI-powered functionalities including instant call summaries and transcripts, internal team chat, the net2phone Huddle video conferencing service, and reporting and system management capabilities accessed through its online console. net2phone's UCaaS service integrates seamlessly with business communication platforms (such as Microsoft Teams and Slack), leading customer relationship management, or CRM, services (such as SalesForce, Zoho and others) and text-based communications platforms. net2phone adds features, enhancements and integrations on a regular basis leveraging its agile development philosophy.",1005731,2024,10-K,2024/QTR4/20241015_10-K_edgar_data_1005731_0001493152-24-041147.txt,3,12,Other,Actionable,Actionable,,
52ecf34eeb6b4446,acd60507faa4fa01,acd60507faa4fa01,a85fbc1d59d9a1fe,"HawkSearch's Smart Response leverages generative AI to summarize, synthesize, compare or start a conversation with the visitor to help find the most relevant results.",1378590,2024,10-K,2024/QTR4/20241226_10-K_edgar_data_1378590_0001437749-24-038328.txt,6,12,Other,Actionable,Actionable,,
00e4a2604a0468ec,b5c8399bb55eccda,b5c8399bb55eccda,6f14a124157d5bf1,"We have entered into a Loan Agreement with Beyebe AI pursuant to which we may borrow up to 1,000,000 to fund our operations.",2016167,2024,10-K,2024/QTR4/20241227_10-K_edgar_data_2016167_0001753926-24-002159.txt,10,12,Other,Actionable,Actionable,,
0ef18d0d3f6a2359,bec69e7585057a2b,bec69e7585057a2b,cc102f3703f48fb4,"CRISPR-IL brings together the leading experts in life science and computer science from academia, medicine, and industry, to develop AI based end-to-end genome-editing solutions.",1158780,2024,10-K,2024/QTR3/20240918_10-K_edgar_data_1158780_0001213900-24-079861.txt,3,12,Other,Actionable,Actionable,,
ff88177e3375d3bd,c13b45bdd68041ec,c13b45bdd68041ec,67c456e98371b8d0,"We have deployed data analytics and machine learning, to enable operations to be predictive, reduce risk, improve safety, and reduce costs.",1450704,2024,10-K,2024/QTR2/20240417_10-K_edgar_data_1450704_0001829126-24-002582.txt,2,12,Other,Actionable,Actionable,,
dec17455e80df4b8,c1893bcf4fffa083,c1893bcf4fffa083,5b5721dc9ba6a21e,"The process continues by acquiring building data to analyze energy consumption to quickly identify savings (and hence, improved NOI) with intelligent machine learning.",1108645,2024,10-K,2024/QTR2/20240401_10-K_edgar_data_1108645_0001477932-24-001631.txt,1,12,Other,Actionable,Actionable,,
0a6ad745a23579f2,c883bd0b3af9c66a,c883bd0b3af9c66a,9ee2d8f8a21a2fc3,"Web application firewalls are designed to protect external facing applications, while our email security gateway utilizes machine learning and multilayered detection techniques designed to filter malicious emails.",1003815,2024,10-K,2024/QTR1/20240322_10-K_edgar_data_1003815_0001410578-24-000276.txt,1,12,Other,Actionable,Actionable,,
8374e74756279f75,c94a111c6fc1de48,c94a111c6fc1de48,92adb58ba0eb64c2,"Furthermore, we continue to extend our engineering capabilities into more advanced technologies such as software, generative AI, cloud services, data analytics, machine learning, and some core building blocks of navigation and tracking for spatial computing and augmented/virtual reality environments.",1032975,2024,10-K,2024/QTR2/20240516_10-K_edgar_data_1032975_0001032975-24-000023.txt,2,12,Other,Actionable,Actionable,,
ab9d27f3ac12cc97,ca414a58395ced51,ca414a58395ced51,c2b9e821679be8dd,Our product solutions are comprised of three proprietary software platforms: Advertising Technology Operating System (ATOS Platform) Data Intelligence Platform Publisher Platform for Monetization and Compliance Our Products The ATOS Platform Our ATOS platform blends artificial intelligence (or AI) and machine learning (ML) based optimization technology for automatic ad serving that manages digital advertising inventory and campaigns.,1084267,2024,10-K,2024/QTR2/20240408_10-K_edgar_data_1084267_0001683168-24-002214.txt,1,12,Other,Actionable,Actionable,,
950c94b44ec69fb5,ceb49137948bbb57,ceb49137948bbb57,e38f2eb58f88f7a1,"We use artificial intelligence (AI), including generative AI, in many parts of our value chain.",1262976,2024,10-K,2024/QTR3/20240809_10-K_edgar_data_1262976_0001262976-24-000064.txt,5,12,Other,Actionable,Actionable,,
3da7f89dde05a2ed,dcde81fe3f10bb3b,dcde81fe3f10bb3b,b1e5349c599f6c07,Our goal is to constantly improve our HR-Tech platform to address present and future market needs by offering a unique combination of proprietary artificial intelligence AI based technology with a do-it-yourself sourcing experience able to match candidates to jobs without having to use keyword searches or Boolean strings.,1381871,2024,10-K,2024/QTR4/20241009_10-K_edgar_data_1381871_0001213900-24-086614.txt,1,12,Other,Actionable,Actionable,,
9e980ac71f02390d,e9d961a8139407af,e9d961a8139407af,62b2dd501919e2b7,"For example, we use a combination of statistical methods leveraging machine learning and artificial intelligence algorithms in connection with our underwriting and risk processes to review certain key alternative asset valuations, investment information, and limited partnership agreement terms (e.g., net asset values, net asset value as of dates, commitment periods, permitted investments and expenses).",1775734,2024,10-K,2024/QTR3/20240709_10-K_edgar_data_1775734_0001775734-24-000029.txt,1,12,Other,Actionable,Actionable,,
2c331ceb8cf24075,f03e33b476355454,f03e33b476355454,a1a64f0ead6aacbe,"Ms. Xu was as a senior customer manager at Beijing Sensetime Technology Development Co., Ltd., a leading AI software company focused on innovating for a better AI-empowered future, from May 2018.",1422892,2024,10-K,2024/QTR4/20241015_10-K_edgar_data_1422892_0001213900-24-087619.txt,1,12,Other,Actionable,Actionable,,
b162d7cf2e386f7e,f233cfa1e8291d6d,f233cfa1e8291d6d,2681119ba1f2fb80,"In addition, Dow Jones produces customized Due Diligence Reports to assist its customers with regulatory compliance, including IntegrityCheck, a generative AI-enabled automated report.",1564708,2024,10-K,2024/QTR3/20240813_10-K_edgar_data_1564708_0001564708-24-000408.txt,2,12,Other,Actionable,Actionable,,
68652b49305bd892,f4ee531efae47b5f,f4ee531efae47b5f,268ac367071de0a7,Huidor recently developed cineSearch which is the Company's AI-based conversational chatbot for advanced content recommendations.,1173204,2024,10-K,2024/QTR3/20240701_10-K_edgar_data_1173204_0000950170-24-079718.txt,1,12,Other,Actionable,Actionable,,
26ab573528eeaafa,f56ab734121fb557,f56ab734121fb557,87c41ca24d837d19,"Recently, we published a revised edition of this pioneering work with generative AI updates, including relevant AI-powered product info, customer case studies, and best-practices.",1066194,2024,10-K,2024/QTR3/20240912_10-K_edgar_data_1066194_0001558370-24-012767.txt,19,12,Other,Actionable,Actionable,,
aa93d9529c08a614,fd676d1f8031506f,fd676d1f8031506f,dbf16dd1158358fd,"From February 2021 to April 2022, Benjamin has served as Senior Capital Market Advisor for Iveda Solutions, Inc. (NASDAQ: IVDA), an AI and IoT technology company to assist with financing and uplisting to Nasdaq.",1066764,2024,10-K,2024/QTR2/20240401_10-K_edgar_data_1066764_0001493152-24-012444.txt,1,12,Other,Actionable,Actionable,,
2f3f377d32e881d9,00cf3a33066f8f08,00cf3a33066f8f08,38facb658e4e672c,"Our introduction and use of AI may present business, compliance, and reputational challenges that could lead to operational or reputational damage, competitive harm, legal and regulatory risk, and additional costs, any of which could materially and adversely affect our business, financial condition, and results of operations.",1157408,2024,10-K,2024/QTR3/20240807_10-K_edgar_data_1157408_0001558370-24-011134.txt,9,12,Other,Irrelevant,Irrelevant,,
09c075855654cce4,08b289e61e62afce,08b289e61e62afce,939249e2002fe41a,"As with many new and emerging technologies, AI presents numerous risks and challenges that could adversely affect our business.",1069183,2024,10-K,2024/QTR1/20240227_10-K_edgar_data_1069183_0001069183-24-000006.txt,6,12,Other,Irrelevant,Irrelevant,,
947f565c725abaa1,281f206c9831e18d,281f206c9831e18d,942f852025ea8429,The rapid evolution and increased adoption of AI technologies may intensify our cybersecurity risks.,1260221,2024,10-K,2024/QTR4/20241107_10-K_edgar_data_1260221_0001260221-24-000083.txt,4,12,Other,Irrelevant,Irrelevant,,
56cc964767626265,30162e7fe42d3919,30162e7fe42d3919,bb7f5f744783b42b,The rapid evolution and increased adoption of artificial intelligence technologies have also given rise to additional vulnerabilities and potential entry points for cyber threats.,1431567,2024,10-K,2024/QTR2/20240401_10-K_edgar_data_1431567_0001437749-24-010372.txt,1,12,Other,Irrelevant,Irrelevant,,
14abd2355f67723f,314d4039f96e3700,314d4039f96e3700,e48da8f67563649d,"In particular, the legal and regulatory landscape governing AI remains unsettled, and developments in this area may adversely impact our business.",1754301,2024,10-K,2024/QTR3/20240808_10-K_edgar_data_1754301_0001628280-24-036123.txt,13,12,Other,Irrelevant,Irrelevant,,
e3ba47a8b9601acc,31d44f1187e75a0e,31d44f1187e75a0e,d6ba7cb74b1d5333,"Additionally, search engines may incorporate artificial intelligence into their platforms in ways that we cannot predict.",1117297,2024,10-K,2024/QTR3/20240821_10-K_edgar_data_1117297_0000950170-24-099495.txt,5,12,Other,Irrelevant,Irrelevant,,
8dbe798b0c5bfa6f,328a0eccbd1b9f58,328a0eccbd1b9f58,5b40dd9c221b3adf,"AI technologies are complex, and generative AI technologies, in particular, are rapidly evolving.",1528396,2024,10-K,2024/QTR3/20240916_10-K_edgar_data_1528396_0001528396-24-000105.txt,10,12,Other,Irrelevant,Irrelevant,,
03a36e29620b82e1,3c0bef7150a17b78,3c0bef7150a17b78,6aa22fe4ac66e37b,"Our AI products may not operate as anticipated, which could adversely affect our reputation, revenues and profitability.",1341439,2024,10-K,2024/QTR2/20240620_10-K_edgar_data_1341439_0000950170-24-075605.txt,12,12,Other,Irrelevant,Irrelevant,,
d5d899b05bf310dc,44231065f065bbe2,44231065f065bbe2,56525e396d7dc01f,"AI models, particularly generative AI models, may produce output or take action that is incorrect, that result in the release of private, confidential or proprietary information, that reflect biases included in the data on which they are trained, infringe on the intellectual property rights of others, or that is otherwise harmful or which produce outcomes contrary to the expectations of consumers.",1000209,2024,10-K,2024/QTR1/20240307_10-K_edgar_data_1000209_0000950170-24-027942.txt,5,12,Other,Irrelevant,Irrelevant,,
986f32cd3fa63099,4f26dbccd1aa7e90,4f26dbccd1aa7e90,f9fd64883e5adf26,"If our use of AI becomes controversial, we may experience brand or reputational harm, competitive harm, or legal liability.",1644378,2024,10-K,2024/QTR4/20241112_10-K_edgar_data_1644378_0001644378-24-000042.txt,9,12,Other,Irrelevant,Irrelevant,,
8e9fc5d8660a3bf3,5b8433b064fefcc7,5b8433b064fefcc7,c93d40aa23b5aef2,"Cyber attacks could include viruses, malicious or destructive code, phishing attacks, denial of service attacks, supply chain attacks, ransomware and other extortion-based attacks, improper access by third parties, attacks on email systems, and attacks leading to data loss, operational control, or exploitation of vulnerabilities specific to internally developed systems or to those provided and/or maintained by our suppliers, including those attacks arising from or generated by artificial intelligence, among various other security breaches.",1002910,2024,10-K,2024/QTR1/20240229_10-K_edgar_data_1002910_0001002910-24-000056.txt,2,12,Other,Irrelevant,Irrelevant,,
53c6010cfc2b2966,60ef3609a925d0c7,60ef3609a925d0c7,3737af597d9e9be9,"Failure to develop and adopt artificial intelligence (""AI"") technology could also hinder our competitiveness and growth potential.",1681622,2024,10-K,2024/QTR4/20241119_10-K_edgar_data_1681622_0001681622-24-000089.txt,1,12,Other,Irrelevant,Irrelevant,,
727b22ffdade45ba,63739f50b9062f44,63739f50b9062f44,99c00a5cd7aa96f9,"For example, disruptive technologies such as AI/ML may significantly alter the market for our products in unpredictable ways and reduce customer demand.",1308547,2024,10-K,2024/QTR4/20241119_10-K_edgar_data_1308547_0001628280-24-048519.txt,4,12,Other,Irrelevant,Irrelevant,,
17ccdb7920fc82f0,6c391dbfae4ef60a,6c391dbfae4ef60a,ea992ace72120c58,"Further, we expect that the breadth and complexity of our IT systems and infrastructure will increase as we expand our product offerings to utilize cloud technologies and potentially artificial intelligence, which present inherent enterprise technology risks, including those related to privacy, data protection and cybersecurity, that need to be managed.",10795,2024,10-K,2024/QTR4/20241127_10-K_edgar_data_10795_0000010795-24-000084.txt,3,12,Other,Irrelevant,Irrelevant,,
38026146c87a129f,6c6177bef2ec34ac,6c6177bef2ec34ac,0cf4db214573fd44,"Further, the use of generative artificial intelligence tools may compromise confidential or sensitive information, put our intellectual property at risk, or subject us to claims of intellectual property infringement, all of which could damage our reputation.",1632790,2024,10-K,2024/QTR4/20241119_10-K_edgar_data_1632790_0001632790-24-000102.txt,2,12,Other,Irrelevant,Irrelevant,,
25e83aacff08782e,6d95bf45f9dbcc7a,6d95bf45f9dbcc7a,aeae03e5ceb75dd3,"Should our AI generate suboptimal or contentious outcomes, or if public perception of AI shifts negatively due to perceived risks, we may encounter operational challenges, competitive disadvantages, legal liabilities, reputational harm, or other business impacts.",1032220,2024,10-K,2024/QTR4/20241121_10-K_edgar_data_1032220_0001032220-24-000094.txt,20,12,Other,Irrelevant,Irrelevant,,
9ae39cdd49709e4b,6df10678e6e1e0fd,6df10678e6e1e0fd,743bea01efb4d041,"Additionally, the rapid evolution of artificial intelligence and integration of machine learning technologies into our internal systems may intensify our cybersecurity risks and create new risks to our business, operations, and financial condition.",1041803,2024,10-K,2024/QTR4/20241030_10-K_edgar_data_1041803_0001041803-24-000044.txt,3,12,Other,Irrelevant,Irrelevant,,
c6214016bae71750,73d7267458996684,73d7267458996684,e9d909bd7afdfc8b,"Such competitors could also have preferential access to content and important technologies, such as artificial intelligence AI , customer data or other competitive information.",1041657,2024,10-K,2024/QTR2/20240607_10-K_edgar_data_1041657_0001558370-24-009018.txt,1,12,Other,Irrelevant,Irrelevant,,
9b68a84fbee986b4,74beb06eeed453a8,74beb06eeed453a8,9c956c61feaa04c2,"In addition, due to the fast pace and unpredictability of cybersecurity threats, including from emerging technologies, such as advanced forms of machine learning, AI and quantum computing, long-term implementation plans designed to address cybersecurity risks become obsolete quickly and, in some cases, it may be difficult to anticipate or immediately detect such incidents and the damage they cause.",1114925,2024,10-K,2024/QTR3/20240909_10-K_edgar_data_1114925_0001683168-24-006264.txt,7,12,Other,Irrelevant,Irrelevant,,
4fe864b838d5541f,7aaa1702deefcc7f,7aaa1702deefcc7f,ca8d4a2bebdcd939,"These techniques include using artificial intelligence (AI), including generative AI to enhance their attacks, which may increase our cybersecurity risk.",104889,2024,10-K,2024/QTR1/20240223_10-K_edgar_data_104889_0000104889-24-000010.txt,6,12,Other,Irrelevant,Irrelevant,,
d0fd32e0246ddf0c,7d75bea3fd883d72,7d75bea3fd883d72,aa5569a865658a62,"With generative AI tools, threat actors may have additional tools to automate breaches or persistent attacks, evade detection, or generate sophisticated phishing emails.",1005210,2024,10-K,2024/QTR4/20241127_10-K_edgar_data_1005210_0000950170-24-131309.txt,2,12,Other,Irrelevant,Irrelevant,,
e5255aaad300a8b9,8090b84ef800c8c3,8090b84ef800c8c3,64e328cfc66a53da,"The risk of a security breach or disruption, particularly through cyber attack, including by computer hackers, foreign governments and cyber terrorists, has generally increased as the number, intensity and sophistication of attempted attacks from around the world have increased, including through the use of artificial intelligence.",1040765,2024,10-K,2024/QTR1/20240212_10-K_edgar_data_1040765_0000899689-24-000005.txt,1,12,Other,Irrelevant,Irrelevant,,
e9b5a09237790f85,87c326f7756fe3af,87c326f7756fe3af,996a81edce9df6b7,"AI also introduces new risks, due to the autonomous nature of the technology, which, in some cases, may be deployed to perform tasks, inform decisions, automate decisions, and make predictions.",1053369,2024,10-K,2024/QTR3/20240701_10-K_edgar_data_1053369_0001493152-24-025829.txt,6,12,Other,Irrelevant,Irrelevant,,
7a8726494e0242f2,88015886917f2f9d,88015886917f2f9d,4003aa82dc44af33,Regulations related to artificial intelligence may also impose on us certain obligations and costs related to monitoring and compliance.,1433642,2024,10-K,2024/QTR2/20240523_10-K_edgar_data_1433642_0001433642-24-000064.txt,13,12,Other,Irrelevant,Irrelevant,,
7a0db3e62bb09cf2,8ce1418bfa85badc,8ce1418bfa85badc,815a719f6eb541dd,"Additionally, sensitive data of the Company or our customers could be leaked, disclosed, or revealed as a result of or in connection with our employees , personnel's, or vendors use of generative AI technologies.",1132105,2024,10-K,2024/QTR2/20240404_10-K_edgar_data_1132105_0000950170-24-041618.txt,5,12,Other,Irrelevant,Irrelevant,,
8c907a074b485996,8ea5d9a6d032ed24,8ea5d9a6d032ed24,12802548d5e73388,This aligns with industry trends and the anticipated incremental spend on application and data security due to generative AI.,1022505,2024,10-K,2024/QTR4/20241213_10-K_edgar_data_1022505_0001493152-24-049837.txt,5,12,Other,Irrelevant,Irrelevant,,
c6c3a2e6cbc293ea,a2b7405477a63e44,a2b7405477a63e44,8596e847ef4af894,"Our applications and uses of trademarks relating to our design, software or artificial intelligence technologies could be found to infringe upon existing trademark ownership and rights.",1930021,2024,10-K,2024/QTR3/20240815_10-K_edgar_data_1930021_0001213900-24-069692.txt,1,12,Other,Irrelevant,Irrelevant,,
3c68f9c266438ab4,a3f5bd4d9d31198b,a3f5bd4d9d31198b,a60fe02b849a66c6,"Also, if we fail to keep pace with rapidly evolving technological developments in artificial intelligence, our competitive position and business results may suffer.",1314727,2024,10-K,2024/QTR4/20241115_10-K_edgar_data_1314727_0001314727-24-000026.txt,5,12,Other,Irrelevant,Irrelevant,,
93e81319dd0d68cf,bfa9bf530734bc00,bfa9bf530734bc00,4f240e993686d58c,"If the Company is unable to maintain a compelling web presence, including by successfully responding to new technology trends (such as generative artificial intelligence), competitors' websites may be perceived as easier to use or better able to satisfy customer needs.",1084869,2024,10-K,2024/QTR3/20240906_10-K_edgar_data_1084869_0001437749-24-028591.txt,1,12,Other,Irrelevant,Irrelevant,,
0cecd7c76e977d23,c833783c2d76b866,c833783c2d76b866,d84aa0479094bd28,"Further, if we fail to adopt these new technologies, we may face price pressure from competitors using lower-cost AI systems.",1037646,2024,10-K,2024/QTR1/20240209_10-K_edgar_data_1037646_0001037646-24-000007.txt,4,12,Other,Irrelevant,Irrelevant,,
5d000e645e8065fe,c887638760a8a94b,c887638760a8a94b,629fa76f56ef7c46,"To the extent artificial intelligence capabilities improve and are increasingly adopted, they may be used to identify vulnerabilities and craft increasingly sophisticated cybersecurity attacks.",1009759,2024,10-K,2024/QTR2/20240613_10-K_edgar_data_1009759_0001558370-24-009109.txt,3,12,Other,Irrelevant,Irrelevant,,
19996e7336662d83,d1c4317baf81cdd9,d1c4317baf81cdd9,d0d9f2a3ca8539a5,"Moreover, the rapid evolution and increasing adoption of artificial intelligence technologies could both intensify our cybersecurity risks and introduce new risks.",1618673,2024,10-K,2024/QTR3/20240814_10-K_edgar_data_1618673_0000950170-24-097033.txt,1,12,Other,Irrelevant,Irrelevant,,
f83cd61fde90f3ef,d273144a622a8f91,d273144a622a8f91,8fb857b3e8b06fa0,"Additionally, as we increase our use of artificial intelligence tools into our operations, the risk of unauthorized access to our data and of making compliance errors or erroneous decisions based on our reliance on the AI tool will increase.",16040,2024,10-K,2024/QTR4/20241120_10-K_edgar_data_16040_0000950170-24-129210.txt,1,12,Other,Irrelevant,Irrelevant,,
85915399136cc104,db7962bda330be8d,db7962bda330be8d,22e73f630feab377,"The use of AI, particularly generative AI, presents opportunities as well as risks that could negatively impact the business.",1090872,2024,10-K,2024/QTR4/20241220_10-K_edgar_data_1090872_0001090872-24-000049.txt,4,12,Other,Irrelevant,Irrelevant,,
261b4f3104b667b0,dfad15052f5b5f66,dfad15052f5b5f66,e11479b2c3c5519d,"For example, as Artificial Intelligence (""AI"") continues to evolve, cyber-attackers could also use AI to develop malicious code and sophisticated phishing attempts.",1140859,2024,10-K,2024/QTR4/20241126_10-K_edgar_data_1140859_0001140859-24-000177.txt,1,12,Other,Irrelevant,Irrelevant,,
44d7c31c28c959bb,e225415201321bc0,e225415201321bc0,1a36e3f27feadcae,"If we fail to successfully integrate artificial intelligence AI technologies into our platform and business processes, or if we fail to keep pace with rapidly evolving AI technological developments, including attracting and retaining talented AI developers and programmers, we may face a competitive disadvantage.",1281845,2024,10-K,2024/QTR4/20241017_10-K_edgar_data_1281845_0001493152-24-041450.txt,2,12,Other,Irrelevant,Irrelevant,,
46e1b9ad1f277df1,e4061a1a6eb08499,e4061a1a6eb08499,2833f7c55d9374c3,"In addition, some of these competitors may be able to respond more quickly to new or changing opportunities, technologies, and customer requirements such as generative artificial intelligence.",1022408,2024,10-K,2024/QTR2/20240523_10-K_edgar_data_1022408_0001140361-24-027200.txt,9,12,Other,Irrelevant,Irrelevant,,
105f3b5a348c31a2,e65f490dbe214fd0,e65f490dbe214fd0,98c50baf6f6271ea,"Plan of Operation We devote substantial efforts to enter into new-emerging application industries of Internet Technology, Artificial Intelligence (AI) and the Internet of Things (IOT).",1438461,2024,10-K,2024/QTR3/20240715_10-K_edgar_data_1438461_0001640334-24-001102.txt,2,12,Other,Irrelevant,Irrelevant,,
fb4b9603ea271969,0a075d1f0c3794aa,0a075d1f0c3794aa,1c4d6f5afd399189,"Utilize its latest assets acquisitions, Avant mission is to provide innovative and e ective AI solutions that transform businesses and positively impact society.",1740797,2024,10-K,2024/QTR3/20240703_10-K_edgar_data_1740797_0001740797-24-000031.txt,4,12,Other,Speculative,Speculative,,
c62211ff7097220b,0c8dcbaf7805e875,0c8dcbaf7805e875,532edda957519ae1,"We aim to leverage cutting-edge technologies, including AI, to drive innovation and streamline operations.",1853044,2024,10-K,2024/QTR3/20240927_10-K_edgar_data_1853044_0001829126-24-006527.txt,2,12,Other,Speculative,Speculative,,
2153b3611b08a0dd,0e2e68bd8562f3b6,0e2e68bd8562f3b6,65dc4ddb286ecc44,We expect our first AI-ECG cloud-based algorithm to be a low ejection fraction (LVEF 40) algorithm licensed from Mount Sinai.,1468492,2024,10-K,2024/QTR3/20240729_10-K_edgar_data_1468492_0000950170-24-087271.txt,21,12,Other,Speculative,Speculative,,
703a4df057c7962e,1e386b12ad7a4b0c,1e386b12ad7a4b0c,07c34a8e945a5789,"Results from a study titled, Novel data preprocessing techniques in an expanded dataset improve machine learning model accuracy for a non-invasive blood glucose monitor.",1074828,2024,10-K,2024/QTR4/20241114_10-K_edgar_data_1074828_0001654954-24-014480.txt,9,12,Other,Speculative,Speculative,,
fdb99198a922d06b,2372b4fcb00fe302,2372b4fcb00fe302,31067261366384f7,"In order to grow and remain competitive, we will need to adapt to changes in available technology, including, but not limited to, artificial intelligence and machine learning, continually invest in our 5G Network Deployment, increase 5G Network capacity, enhance our existing service offerings and introduce new offerings to meet our current and potential subscribers changing service demands.",1001082,2024,10-K,2024/QTR1/20240329_10-K_edgar_data_1001082_0001558370-24-004386.txt,1,12,Other,Speculative,Speculative,,
4941c433e4d29fa2,25d43a27c9007c37,25d43a27c9007c37,d6da40a7b1377410,"Additionally, we are making, and plan to make in the future, investments in adopting artificial intelligence and machine learning technologies across our business.",1050377,2024,10-K,2024/QTR1/20240307_10-K_edgar_data_1050377_0001558370-24-002727.txt,15,12,Other,Speculative,Speculative,,
412035fa29ff320d,29d0e1cced93ea41,29d0e1cced93ea41,e8e83c9072dbe69d,"For example, nowadays a major number of software, hardware, services and in general technological solutions vendors are including AI components for a very wide range of applications; and we may find improvement opportunities by developing and applying AI in several of our business and operational processes.",1001838,2024,10-K,2024/QTR1/20240229_10-K_edgar_data_1001838_0001558370-24-002119.txt,2,12,Other,Speculative,Speculative,,
da7844803014596f,2b368e517d79ef8e,2b368e517d79ef8e,4cfd3196af652c33,"We intend to build discrete ML- AI models that target fee optimization, income fraud, acquisition targeting, loan stacking, prepayment prediction, identity fraud and time-delimited default prediction.",1064722,2024,10-K,2024/QTR2/20240417_10-K_edgar_data_1064722_0001493152-24-015016.txt,9,12,Other,Speculative,Speculative,,
96ccb97abfee2987,2d6c1c435db29198,2d6c1c435db29198,2417899902f5b1bc,"We are committed to providing a safe and secure environment for all of our personnel, our business partners and our customers, including the responsible use of AI chatbots and generative AI data processor products AI Systems .",1275187,2024,10-K,2024/QTR3/20240725_10-K_edgar_data_1275187_0001628280-24-032989.txt,3,12,Other,Speculative,Speculative,,
feb865e23343b02a,3529591ea2a0bbbc,3529591ea2a0bbbc,664ac1c908e0538b,Conduct data analysis and AI required to build the disease detection compound libraries suitable for use with the AMMST.,1001907,2024,10-K,2024/QTR3/20240920_10-K_edgar_data_1001907_0001437749-24-029650.txt,1,12,Other,Speculative,Speculative,,
060535d5cb5631a3,4144f4d0f5d5a037,4144f4d0f5d5a037,c4e09d07456063ba,"We continue to build and integrate AI into our offerings, and this innovation presents risks and challenges that could affect its adoption, and therefore our business.",1374339,2024,10-K,2024/QTR2/20240401_10-K_edgar_data_1374339_0001558370-24-004532.txt,4,12,Other,Speculative,Speculative,,
a07133e18416473b,49fac59fad5624d3,49fac59fad5624d3,00b7f669d50a2cec,These clients are consciously evaluating potential areas where AI-enabled technologies could be utilized in the future.,1720420,2024,10-K,2024/QTR3/20240912_10-K_edgar_data_1720420_0001720420-24-000042.txt,8,12,Other,Speculative,Speculative,,
116cce8be541d373,4f0b5b90a8028d28,4f0b5b90a8028d28,87308d0180b7765c,"In particular, we seek not only to deliver size recommendations but to provide a robust, end-to-end,artificial intelligence, or AI-driven platform that inspires consumer confidence and drives revenue growth by providing a superior consumer journey to both online and the brick and mortar stores.",1211805,2024,10-K,2024/QTR2/20240401_10-K_edgar_data_1211805_0001493152-24-012542.txt,3,12,Other,Speculative,Speculative,,
a050f9b9f840cc0e,5640fd853701afed,5640fd853701afed,59716e248fcbd2d0,We are also actively exploring the integration of generative AI into our institutions various student processes.,1046568,2024,10-K,2024/QTR1/20240221_10-K_edgar_data_1046568_0000950170-24-017946.txt,3,12,Other,Speculative,Speculative,,
049e5552d70dfab9,6785abe9fed3071d,6785abe9fed3071d,691019462fccd741,"From endpoint devices to data centers, generative AI applications will drive the need for higher speed and higher bandwidth networks, while increasing the requirements for our precision timing solutions.",4127,2024,10-K,2024/QTR4/20241115_10-K_edgar_data_4127_0000004127-24-000131.txt,3,12,Other,Speculative,Speculative,,
340853d709783eff,6cec88875b633a35,6cec88875b633a35,b15d0aa3edae02e0,"The opportunity to collect data points over time could enable the development of business and insurance liability benchmarking, and through AI, powerful guidance for perpetual safety improvement (and associated cost savings capture).",1425627,2024,10-K,2024/QTR2/20240401_10-K_edgar_data_1425627_0001477932-24-001629.txt,1,12,Other,Speculative,Speculative,,
a3f1242ab8a7dfaf,756b0be841313802,756b0be841313802,f0f8765a11dc0169,We believe that by integrating leading products in biomechanical research we sourced through Motek (with which we have an exclusive distribution agreement) with our advanced robotics and other AI-based innovative products we could leverage clinical results with data insights to help transform protocols and processes in the industry related to human performance and movement disorders leading to solid growth potential in this important market segment in the next 5-10 years.,1883788,2024,10-K,2024/QTR3/20240715_10-K_edgar_data_1883788_0000950170-24-083628.txt,1,12,Other,Speculative,Speculative,,
b15fd04cb076182e,80cf4a6334cba61a,80cf4a6334cba61a,5f33da566a302435,"The ongoing development of AI and machine learning, algorithms, sensors, and flight control systems paves the way for fully autonomous eVTOL services in the future.",1481504,2024,10-K,2024/QTR4/20241008_10-K_edgar_data_1481504_0001477932-24-006252.txt,3,12,Other,Speculative,Speculative,,
77f0b2ec300e4501,85b48e60981175e7,85b48e60981175e7,b39bae1a80bcaf0b,"IoTT, which is an acronym for Internet of Things Tech, is our wholly-owned subsidiary which, with the signing of the joint venture agreement with the AI company cross-Ing, is planning to provide a series of data platforms for all sports programmed in the joint venture agreement, and no longer just a platform for our SSGs related to soccer.",1121795,2024,10-K,2024/QTR4/20241011_10-K_edgar_data_1121795_0001079973-24-001394.txt,3,12,Other,Speculative,Speculative,,
43b894bc1c17b4ac,87596aae320fbb32,87596aae320fbb32,783343a1e7fee59d,Private AI: This solution enables organizations to use generative AI technologies while addressing privacy and compliance needs of the organization.,1730168,2024,10-K,2024/QTR4/20241220_10-K_edgar_data_1730168_0001730168-24-000139.txt,10,12,Other,Speculative,Speculative,,
270704644e71247c,8a0339e49d0ce74a,8a0339e49d0ce74a,0a204a32529b71a6,"Through deep learning of user behavior characteristics, accurately assess risk levels, effectively improve the efficiency and accuracy of risk control, and escort international business.",1631282,2024,10-K,2024/QTR3/20240926_10-K_edgar_data_1631282_0001213900-24-082285.txt,188,12,Other,Speculative,Speculative,,
4fdd921567262aa7,98d4d4d8518e4af0,98d4d4d8518e4af0,85f04cee619d3317,"Moreover, we expect our expenses to increase significantly in connection with our ongoing activities, including the continuing increase in our technological capabilities with respect to IoT, machine learning, and artificial intelligence.",1854275,2024,10-K,2024/QTR3/20240712_10-K_edgar_data_1854275_0001213900-24-060948.txt,5,12,Other,Speculative,Speculative,,
9f0d06a89f4bbb0e,99a01e0452e41400,99a01e0452e41400,6e9c107b32c17f8b,"Overview Roadzen Inc. is a leading Insurtech company on a mission to transform global auto insurance powered by advanced artificial intelligence (""AI"").",1868640,2024,10-K,2024/QTR3/20240701_10-K_edgar_data_1868640_0000950170-24-079647.txt,3,12,Other,Speculative,Speculative,,
0bf13880cb85d5e2,a6c377cf62e3f8b4,a6c377cf62e3f8b4,f7e2e3b539e872fd,"We believe other approaches based on machine learning, or other artificial intelligence methodologies are potentially viable alternatives but are likely too costly, do not meet current compliance timelines, and may defy the core of COPPA's opt-in parameters.",1437283,2024,10-K,2024/QTR2/20240401_10-K_edgar_data_1437283_0001214659-24-005793.txt,6,12,Other,Speculative,Speculative,,
53a1fb9f3581539c,bf5e48b79327a4f7,bf5e48b79327a4f7,a6d5c788c4d860c7,"Our proposed plan of operation and prospects will depend largely upon our ability to successfully establish a noticeable presence in the Artificial Intelligence, Machine Learning, Robotics, and digital assets industry on a timely fashion, retain and continue to hire skilled management, technical, marketing and other personnel; and attract and retain significant numbers of quality business partners.",1049011,2024,10-K,2024/QTR2/20240418_10-K_edgar_data_1049011_0001493152-24-015154.txt,7,12,Other,Speculative,Speculative,,
0ab24d03c8239142,c76d591489724f5f,c76d591489724f5f,04c7039933b959aa,"Additionally, the proliferation of generative AI applications is expected to accelerate the creation of digital content such as text, images and video over the long-term.",1137789,2024,10-K,2024/QTR3/20240802_10-K_edgar_data_1137789_0001137789-24-000068.txt,5,12,Other,Speculative,Speculative,,
2a30230716d75abb,c87aed1a31aeb6a7,c87aed1a31aeb6a7,a616a0e692c73b63,"Illustrative examples include: Enhancements to ratings quality and product extensions Investments that extend ownership and participation in joint ventures and strategic alliances Expansion in emerging markets New products, services, content and technology capabilities, including Gen AI, to meet customer demands Selective bolt-on acquisitions that accelerate the ability to scale and grow Moody's businesses In this era of exponential risk, we know that risks are interconnected, and organizations want a complete view of risk.",1059556,2024,10-K,2024/QTR1/20240214_10-K_edgar_data_1059556_0001059556-24-000017.txt,2,12,Other,Speculative,Speculative,,
9f2e0abc3d1825e6,ca56440bff7fcc85,ca56440bff7fcc85,9c616baf3be0bc69,"In addition, we are already seeing AI and the symmetric transfer of data and analytics drive massive new requirements in network capacity and latency and expect this to increase significantly over time.",1101680,2024,10-K,2024/QTR3/20240813_10-K_edgar_data_1101680_0000950170-24-096409.txt,3,12,Other,Speculative,Speculative,,
b51c6dc9a0672e7e,ca830951f3e3a4e1,ca830951f3e3a4e1,4a56f6e6ab5a91c1,"The use of artificial intelligence AI , data analytics, and other technologies are expected in the future to become a key component in the administration and management of health plans and health care delivery.",1089815,2024,10-K,2024/QTR2/20240405_10-K_edgar_data_1089815_0001140361-24-018303.txt,2,12,Other,Speculative,Speculative,,
94c97b681df168d2,caaa6a080244e626,caaa6a080244e626,7b0b679a7a75bda9,We also believe the introduction of generative AI signifies a transformative era that is set to drive growth for us and our clients.,1467373,2024,10-K,2024/QTR4/20241010_10-K_edgar_data_1467373_0001467373-24-000278.txt,7,12,Other,Speculative,Speculative,,
cc12d57c8ccc862b,daaa2b2c419e2496,daaa2b2c419e2496,97d63e6c8eea2dc9,"We are making investments in AI initiatives, including generative AI, to, among other things, recommend relevant unconnected content across our products, enhance our advertising tools, develop new products, and develop new features for existing products.",1326205,2024,10-K,2024/QTR2/20240624_10-K_edgar_data_1326205_0001185185-24-000650.txt,5,12,Other,Speculative,Speculative,,
7fab53d2bfb6746d,de7a2364171cb6fb,de7a2364171cb6fb,0a7c9a02346e9453,"While we will give priority to companies in technology, internet, and consumer sectors, we will have no specific industry restriction, and we plan on exploring opportunities in enterprise services, artificial intelligence, culture and media, biotechnology, new consumer brands, blockchain and other areas that show the interest of investors.",1869601,2024,10-K,2024/QTR3/20240726_10-K_edgar_data_1869601_0001829126-24-005033.txt,1,12,Other,Speculative,Speculative,,
1caba59621ec70a2,e5a89f85fc90e222,e5a89f85fc90e222,459573725b86ba77,AFG may utilize artificial intelligence and machine learning AI in its business or incorporate AI into its products and services.,1042046,2024,10-K,2024/QTR1/20240223_10-K_edgar_data_1042046_0001042046-24-000009.txt,1,12,Other,Speculative,Speculative,,
90ba28c2f0ee3b75,ec8f9a12f5f5ccab,ec8f9a12f5f5ccab,5c41df841aa3c464,As we grow our ARTAS hair restoration business and expand robotics offerings through the AI.ME platform we expect our penetration into the core practices of dermatology and plastic surgery to increase.,1409269,2024,10-K,2024/QTR2/20240401_10-K_edgar_data_1409269_0001437749-24-010159.txt,17,12,Other,Speculative,Speculative,,
1a074f393fc0c04a,f106467bc3b0f7bc,f106467bc3b0f7bc,3f1206a26b863eeb,We believe that one of the most significant drivers of longer-term wearable display market adoption that will change the future of computing and result in broad adoption of AR in smaller wearable packages will be the augmentation of the real world with cloud-based information and AI.,1463972,2024,10-K,2024/QTR2/20240415_10-K_edgar_data_1463972_0001558370-24-005117.txt,5,12,Other,Speculative,Speculative,,
02889477d45ae650,f36dda5a226f77d0,f36dda5a226f77d0,210a47757b1a11e0,The Company may adopt and integrate generative artificial intelligence tools into our systems for specific use cases reviewed by legal and information security.,1053691,2024,10-K,2024/QTR1/20240329_10-K_edgar_data_1053691_0001437749-24-010064.txt,3,12,Other,Speculative,Speculative,,
0f6afdf1fd8a2f76,f49a12ea9939be40,f49a12ea9939be40,ec6f3c3c11b47671,Our ultimate vision for askROI is to create a one-stop-shop for individuals and businesses to access generative AI products.,1437491,2024,10-K,2024/QTR3/20240716_10-K_edgar_data_1437491_0001214659-24-012432.txt,4,12,Other,Speculative,Speculative,,
c461cbc7fa420b4d,fb140caa6d93e088,fb140caa6d93e088,7ee76409a5f3c861,"These development opportunities are available through live employee events like Technology Days dedicated to exploring new ideas, such as Generative AI.",1048695,2024,10-K,2024/QTR4/20241118_10-K_edgar_data_1048695_0001048695-24-000185.txt,12,12,Other,Speculative,Speculative,,
a04147d1eb865224,fe05af09668c563d,fe05af09668c563d,d60fcf1bd3a5a503,"By affirming our development path and product road map, we expect to file several new patents for novel technologies which we expect to launch in the future, including next generation electric tankless technologies along which will be designed to work with technologies that are able to employ artificial intelligence to help reduce water and energy consumption.",1429393,2024,10-K,2024/QTR2/20240626_10-K_edgar_data_1429393_0001477932-24-003883.txt,1,12,Other,Speculative,Speculative,,
887b5b7b3f92667d,966d3309fbe43b6f,966d3309fbe43b6f,0bd4675009165f2d,"XENE Acquisition On February 7, 2024, SG DevCorp closed its acquisition of Majestic World Holdings, a real estate technology firm and owner of the Xene AI Software platform XENE Platform .",1023994,2024,10-K,2024/QTR2/20240507_10-K_edgar_data_1023994_0001213900-24-040541.txt,1,3,Manuf,Irrelevant,Irrelevant,,
8879d1d385f10adf,ac6c2a94d410ab5d,ac6c2a94d410ab5d,8a565a36583fdb5d,"Our global strategy is to deliver higher value by focusing on the following strategic priorities: Invest in high-growth technologies such as hybrid cloud, security, data analytics, artificial intelligence (""AI""), hyperscale infrastructure, and services.",1177394,2024,10-K,2024/QTR1/20240126_10-K_edgar_data_1177394_0001177394-24-000014.txt,1,9,Shops,Speculative,Speculative,,
